-- phpMyAdmin SQL Dump
-- version 4.8.4
-- https://www.phpmyadmin.net/
--
-- Хост: 127.0.0.1
-- Время создания: Фев 24 2019 г., 23:42
-- Версия сервера: 10.1.37-MariaDB
-- Версия PHP: 7.3.1

SET SQL_MODE = "NO_AUTO_VALUE_ON_ZERO";
SET AUTOCOMMIT = 0;
START TRANSACTION;
SET time_zone = "+00:00";


/*!40101 SET @OLD_CHARACTER_SET_CLIENT=@@CHARACTER_SET_CLIENT */;
/*!40101 SET @OLD_CHARACTER_SET_RESULTS=@@CHARACTER_SET_RESULTS */;
/*!40101 SET @OLD_COLLATION_CONNECTION=@@COLLATION_CONNECTION */;
/*!40101 SET NAMES utf8mb4 */;

--
-- База данных: `cinema`
--

-- --------------------------------------------------------

--
-- Структура таблицы `countries_films`
--

CREATE TABLE `countries_films` (
  `id_country` int(11) NOT NULL,
  `id_films` int(11) NOT NULL
) ENGINE=InnoDB DEFAULT CHARSET=utf8;

--
-- Дамп данных таблицы `countries_films`
--

INSERT INTO `countries_films` (`id_country`, `id_films`) VALUES
(1, 1),
(2, 1),
(3, 2),
(4, 3),
(1, 3),
(3, 3),
(1, 4),
(1, 5),
(1, 6),
(1, 7),
(1, 8),
(8, 9),
(1, 9),
(3, 9),
(1, 10),
(1, 11),
(5, 11),
(1, 12),
(1, 13),
(4, 13),
(1, 14),
(3, 14),
(1, 15),
(4, 15),
(3, 16),
(1, 16),
(4, 16),
(6, 17),
(1, 17),
(4, 17),
(1, 18),
(1, 19),
(1, 20),
(4, 20),
(1, 21),
(7, 21),
(1, 22),
(1, 23),
(1, 24),
(3, 24),
(9, 24),
(10, 25),
(1, 25),
(6, 25),
(1, 26),
(1, 27),
(1, 28),
(5, 28),
(1, 29),
(4, 29),
(1, 30),
(3, 31),
(1, 31),
(8, 31),
(1, 32),
(2, 32),
(1, 33),
(2, 33),
(1, 34),
(3, 35),
(6, 35),
(1, 35),
(11, 35),
(1, 36),
(5, 37),
(2, 37),
(12, 37),
(5, 38),
(2, 38),
(8, 38),
(1, 39),
(1, 40),
(1, 41),
(1, 42),
(1, 43),
(1, 44),
(1, 45),
(2, 45),
(3, 46),
(1, 46),
(1, 47),
(2, 47),
(1, 48),
(1, 49),
(3, 49),
(2, 50),
(1, 50),
(12, 50),
(1, 51),
(1, 52),
(13, 52),
(14, 52),
(1, 53),
(15, 54),
(15, 55),
(16, 56),
(6, 56),
(17, 56),
(18, 56),
(6, 57),
(3, 57),
(8, 58),
(14, 58),
(4, 58),
(4, 59),
(6, 59),
(4, 60),
(5, 61),
(19, 61),
(5, 62),
(16, 62),
(8, 62),
(5, 63),
(5, 64),
(15, 65),
(17, 65),
(16, 66),
(18, 66),
(17, 67),
(3, 67),
(16, 68),
(17, 68),
(16, 69),
(17, 69),
(17, 70),
(6, 71),
(21, 71),
(6, 72),
(21, 72),
(1, 73),
(1, 74),
(4, 75),
(3, 76),
(5, 76),
(5, 77),
(20, 77),
(6, 78),
(1, 79),
(6, 80),
(1, 81),
(3, 82),
(5, 83),
(20, 83),
(1, 84),
(1, 85),
(6, 86),
(15, 87),
(22, 88),
(3, 89),
(1, 90),
(1, 91),
(1, 92),
(1, 93),
(1, 94),
(3, 95),
(6, 96);

-- --------------------------------------------------------

--
-- Структура таблицы `country`
--

CREATE TABLE `country` (
  `id` int(11) NOT NULL,
  `name` varchar(40) NOT NULL
) ENGINE=InnoDB DEFAULT CHARSET=utf8;

--
-- Дамп данных таблицы `country`
--

INSERT INTO `country` (`id`, `name`) VALUES
(8, 'CША'),
(21, 'Австрия'),
(19, 'Аргентина'),
(2, 'Бельгия'),
(3, 'Великобритания'),
(6, 'Германия'),
(11, 'Греция'),
(16, 'Дания'),
(22, 'Исландия'),
(5, 'Испания'),
(4, 'Италия'),
(7, 'Китай'),
(12, 'Люксембург'),
(20, 'Мексика'),
(15, 'Нидерланды'),
(18, 'Норвегия'),
(10, 'Финляндия'),
(1, 'Франция'),
(9, 'Чехия'),
(13, 'Швейцария'),
(17, 'Швеция'),
(14, 'Япония');

-- --------------------------------------------------------

--
-- Структура таблицы `films`
--

CREATE TABLE `films` (
  `id` int(11) NOT NULL,
  `name` varchar(50) NOT NULL,
  `year` int(4) NOT NULL,
  `descript` text NOT NULL,
  `lasting` int(11) DEFAULT NULL,
  `bowsing` int(8) NOT NULL,
  `img` varchar(30) DEFAULT NULL,
  `url` text,
  `rating` enum('1','1.5','2','2.5','3','3.5','4','4.5','5') DEFAULT NULL
) ENGINE=InnoDB DEFAULT CHARSET=utf8;

--
-- Дамп данных таблицы `films`
--

INSERT INTO `films` (`id`, `name`, `year`, `descript`, `lasting`, `bowsing`, `img`, `url`, `rating`) VALUES
(1, 'ФРАНЦУЗСКИЙ ТРАНЗИТ', 2004, 'Марсель. 1975 год. Молодой Пьер Мишель\r\nвместе с женой и детьми переезжает из\r\nМеца и назначается судьёй по особо\r\nтяжким преступлениям.', 120, 64, NULL, NULL, NULL),
(2, 'КАНИКУЛЫ МЕЧТЫ', 2008, 'Что может быть лучше большого семейного праздника\r\nв Шотландии? Вся родня собирается на празднование\r\nюбилея дедушки Горди. Дуглас и Эби отправляются\r\nв путешествие.', 90, 54, NULL, NULL, NULL),
(3, 'СТРАШНЫЕ СКАЗКИ', 2004, 'Маги и волшебники, короли и королевы, красавицы-принцессы и\r\nстрашилы-великаны населяют эту потрясающую готическую фантазию.\r\nСластолюбивый Король Одинокого Утеса берет в жены прелестную деву,\r\nа она превращается в уродливую старуху.', 120, 35, NULL, NULL, NULL),
(4, 'МОИ ЗВЕЗДЫ ПРЕКРАСНЫ', 2005, 'Соланж, Изабель и Виолетта — звезды французского кино. Все в их жизни\r\nпросто замечательно. Кроме одного. Поклонники слишком докучают им. И\r\nвот, однажды, встретившись на съемках нового фильма, они случайно\r\nвыясняют, что особенно сильно мешает им жить один и тот же человек — Робер.\r\nНичего дурного он не хочет, но покоя от него нет никакого! Робер работает\r\nночным уборщиком в актерском агентстве, и имеет доступ к самым сокровенным\r\nсекретам звезд. Актрисы решают объединить усилия и проучить надоедливого\r\nприставалу!', 100, 54, NULL, NULL, NULL),
(5, 'ПОВЕРНУТЬ ВРЕМЯ ВСПЯТЬ', 2004, 'Немолодой инженер Антуан Лаво приезжает в Танжер работать\r\nв большой строительной компании. Но помимо работы, в этом\r\nзнаменитом марокканском городе у него есть и тайная цель:\r\nАнтуан надеется отыскать красавицу Сесиль — ту единственную,\r\n которая стала любовью всей его жизни и которую он так и\r\n не смог забыть. И там, среди песков и миражей, происходит\r\n чудо: встретившиеся после тридцатилетней разлуки влюбленные\r\n очертя голову погружаются в повторный бурный роман...', 80, 65, NULL, NULL, NULL),
(6, 'ПРОСТО ДРУЗЬЯ', 2016, 'Серж и Клод — друзья. Серж — обаятельный холостяк, который не желает отказывать\r\nсебе в наслаждениях, и при любой возможности ухаживает за молоденькими девушками.\r\nКлод — скромный и даже стеснительный молодой человек, уставший от одиночества,\r\nуже два года пребывает в поисках Настоящей Женщины. Куда могут завести веселые\r\nлюбовные похождения двух друзей?', 94, 54, NULL, NULL, NULL),
(7, 'ВОЛШЕБНЫЙ ПАРИЖ', 2004, 'Приехавшая развеяться 44-летняя англичанка попадает в постель\r\nк обходительному молчаливому негру и умудряется заблудиться,\r\nкогда утром выходит купить им обоим на завтрак свежего хлеба.\r\nДавшая название всей программе лирическая драма со счастливым\r\nпо-своему концом.', 120, 54, NULL, NULL, NULL),
(8, 'ВОЙНА КРАСАВИЦ', 2007, 'Две соседние французские деревушки — Шармвиль и Верхний Шармвиль — извечные\r\nсоперницы во всем. В Верхнем Шармвиле всегда лежит снег, приезжают горнолыжники\r\nи живут богатые люди. Всего этого нет в Шармвиле, расположенном у подножия горы.\r\nДа и традиционный конкурс красоты вот уже 22 года подряд выигрывают девушки из\r\nВерхнего Шармвиля. Чтобы исправить положение вещей, обитатели Шармвиля, скинувшись,\r\n приглашают для своих девушек профессионального тренера, актера-земляка Франка\r\n Шевреля, не зная что на самом деле он — неудачник и растяпа...\r\n', 105, 48, NULL, NULL, NULL),
(9, 'ДЭННИ - ЦЕПНОЙ ПЕС', 1999, 'Дэнни — человек. Он — не собака и вообще не зверь. Но он ходит в ошейнике, спит\r\nв ошейнике, ест в ошейнике, почти круглые сутки он проводит в ошейнике. Потому\r\nчто таким его воспитал Барт, гангстер из Глазго, собиратель долгов, не брезгующий\r\nникакими методами при достижении поставленной цели. Когда ему не отдают долг, у\r\nнего быстро лопается терпение, и тогда Барт снимает с Дэнни ошейник. И Дэнни\r\nпревращается в собаку, в злобного бультерьера, в адскую смесь жестокого зверя и\r\n неудержимого боевого киборга. Нет на свете соперника, равного Дэнни в поединке.\r\n Дэнни не знает иной жизни, кроме полусонного существования в ошейнике или\r\n смертельной битвы без ошейника. Однажды волею судьбы он оказывается в доме,\r\n где живут старый слепой пианист Сэм и его приемная дочь Виктория. Дэнни узнает,\r\n что есть иная жизнь, в которой есть чувства, краски, звуки...', 80, 54, NULL, NULL, NULL),
(10, 'В ТИХОМ ОМУТЕ', 2004, 'Лето 1910 года. Один за другим исчезают туристы, забредающие\r\nв тихую бухту, где живут Брефоры — дебильноватая полунищая\r\nсемейка собирателей мидий. Неподалеку в собственном особняке\r\nкаждое лето проводят ван Петегемы, буржуа с претензией на\r\nдекаданс, но с явными признаками психических отклонений\r\nу всех членов семьи, за исключением красавицы Билли.\r\nДа и с ней, собственно, что-то не так. Семейки явно\r\nнедолюбливают друг друга, но юные Малют Брефор и\r\nБилли ван Петегем внезапно ощущают влечение друг\r\nк другу. История усугубляется тем, что Брефоры —\r\nканнибалы, втихую поедающие одиноких путников\r\n(на одних мидиях долго не протянешь), а ван Петегемы\r\n— просто идиоты! Свою долю хаоса добавляют придурковатые\r\nинспекторы Машан и Малфой, прибывшие расследовать таинственные\r\nисчезновения.', 120, 64, NULL, NULL, NULL),
(11, 'МИЛЛИОН ЛЕТ ДО Н.Э. - 2', 2008, 'Воображаемый остров в синем-синем Эгейском море.\r\nПричудливые скрученные скалы, задиристые камешки.\r\nА дальше — таинственный зеленый лес, первобытный,\r\nсловно приснившийся. К югу от него — село с хижинами-ульями.\r\nЕго обитатели — народец с забавными обычаями.\r\nИм живется привольно в компании властной свиноматки\r\nи стада ее сородичей, а еще — поэта, способного\r\nзачаровать богов, и прекрасной дочки старейшины,\r\nпо которой сходят с ума все кентавры. Время действия\r\n— задолго до эпохи Гомера...', 90, 54, NULL, NULL, NULL),
(12, '99 ФРАНКОВ', 2004, 'Комедия. По бестселлеру Фредерика Бегбедера. Октав считает себя властелином мира,\r\nтак как занимается рекламой - именно подобные ему «креативщики» решают, чего всем\r\nзахочется завтра. Он работает в крупнейшем агентстве, и его жизнь подобна бесконечному\r\nпразднику. Но в один прекрасный день Октав осмеливается на «локальный бунт» внутри\r\nсистемы. А она, естественно, не терпит неповиновения... Франция, 2007 г. Режиссер:\r\nЯн Кунен. В ролях: Жан Дюжарден, Жослин Киврен, Патрик Милль, Элиза Товати,\r\nДоминик Беттенфельд, Николя Марье.', 120, 35, NULL, NULL, NULL),
(13, 'ЧЕРНОЕ СОЛНЦЕ', 2005, 'Агата и Манфреди — счастливые молодожены. Но смерть\r\nлюбимого меняет все в жизни молодой женщины. Как и\r\nвсе сицилийцы, Агата считает официальное правосудие\r\nнедостаточно справедливым. Только месть поможет\r\nпреодолеть боль потери молодой вдове...', 100, 54, NULL, NULL, NULL),
(14, 'НЕРЕАЛЬНЫЙ СЕВЕР', 2004, 'Эпический триллер о том, мешают ли человеческие страсти выживанию в нечеловеческих\r\nусловиях Арктической тундры. Саива и ее дочь Аня предпочли невыносимые природные\r\nусловия жестокой цивилизации, которая лишила их родных и друзей. Они живут вдвоем\r\nна недосягаемом севере, где, казалось бы, они могут чувствовать себя в безопасности.\r\nВпрочем, эта иллюзия исчезает с появлением незнакомого человека, который едва\r\nне погиб в арктических снегах. Саива и Аня выходили пришельца и даже стали\r\nсоперничать в борьбе за внимание привлекательного мужчины. В тот момент,\r\nкогда он сделает свой выбор, покой окончательно покинет эти дикие места.', 80, 65, NULL, NULL, NULL),
(15, 'БОРСАЛИНО', 1970, 'Карбоне и Спирито, два гангстера из Марселя, итальянцы по происхождению, решают\r\nсотрудничать, чтобы в конце концов стать королями преступного бизнеса в 30-е годы.', 94, 54, NULL, NULL, NULL),
(16, 'КОРОЛЕВА', 2004, 'Психологическая драма о британской монархии и королеве\r\nЕлизавете II. В августе 1997 года Великобританию потрясает\r\nизвестие о гибели принцессы Дианы. Сотни тысяч людей\r\nискренне скорбят, но королева Елизавета считает происшествие\r\nсемейным делом, и не желает принимать поддержку подданных.\r\nМолчание королевы и отсутствие реакции на трагедию со стороны двора\r\nвызывают народное возмущение. Только премьер-министр Тони\r\nБлэр понимает всю серьезность ситуации: репутация монархии\r\nвисит на волоске. Он пытается убедить королеву изменить\r\nсвою позицию и разделить скорбь с подданными.', 120, 54, NULL, NULL, NULL),
(17, 'АСТЕРИКС И ОБЕЛИКС ПРОТИВ ЦЕЗАРЯ', 2007, 'В 50-м году до нашей эры римский император Юлий Цезарь\r\nпокорил Галлию. Только жители одной маленькой деревеньки\r\nотказались платить налоги римлянам. Ведь у них есть\r\nволшебный напиток, с помощью которого неразлучные друзья\r\nАстерикс и Обеликс становятся супергероями, способными\r\nсразиться со всей Римской империей...', 105, 48, NULL, NULL, NULL),
(18, 'МОЛЬЕР', 1999, 'XVII век. После долгих скитаний в Париж возвращается Мольер,\r\nего ждет работа в Королевском театре. Некто месье Жордэн\r\nоплачивает долги знаменитого автора, рассчитывая на то,\r\nчто Мольер поставит в театре его одноактную пьесу весьма\r\nпикантного содержания. В жизни великого комедианта завязывается\r\nеще одна остроумная, но далеко не единственная интрига.\r\nСвоим домочадцам Жордэн представляет Мольера ревностным\r\nкатоликом по имени Тартюф...', 80, 54, NULL, NULL, NULL),
(19, 'МОЙ ЛУЧШИЙ ДРУГ', 2004, 'У главного героя – торговца антиквариатом – много знакомых, но нет настоящих друзей.\r\nОн заключает пари с коллегой, что за неделю найдёт себе «лучшего друга». Первым\r\nчеловеком, который кажется ему подходящим для этой роли, становится водитель такси.\r\nГерой пытается заключить с ним сделку...', 120, 64, NULL, NULL, NULL),
(20, 'ИМЯ РОЗЫ', 2008, 'Знаменитая экранизация мирового бестселлера Умберто Эко. Монах-францисканец\r\nУильям Баскервильский с молодым послушником Эдсо прибывает в аббатство бенедиктинцев\r\nдля предстоящих теологических дебатов, но на месте оказывается свидетелем серии\r\nтаинственных смертей. Уильям Баскервильский отвергает версию большинства о\r\nкознях дьявола, и начинает расследование. Вскоре он выясняет, что каждый из\r\nумерших монахов имел отношение к загадочному древнему манускрипту, который\r\nхранится в тайной библиотеке монастыря.', 90, 54, NULL, NULL, NULL),
(21, 'МОИ ЧЕРНИЧНЫЕ НОЧИ', 2004, 'Элизабет, молодая женщина, прошедшая через множество разочарований, ищет себя\r\nи пытается залечить своё разбитое сердце. По мере того, как заживают сердечные\r\nраны, мимолётные встречи с незнакомыми людьми ведут её к новым и неизведанным\r\nстраницам жизни. Будь то мечтательный владелец ночного кафе или невезучая\r\nдевушка-игрок, делающая Элизабет отчаянное предложение, или несчастный\r\nполицейский и его непокорная жена — все эти люди помогают Элизабет изменить\r\nсвои взгляды на жизнь, на взаимоотношения между людьми и, в конечном счёте,\r\nна саму себя. Постепенно Элизабет освобождается от прошлого и открывает\r\nновый путь к глубинам своей души — путь к подлинной любви.', 120, 35, NULL, NULL, NULL),
(22, 'ПОЛЕТТА. ВО ВСЕ ТЯЖКИЕ', 2005, 'Полетта — вредная старушка с непростым характером. Она ненавидит соседей,\r\nпоскольку те мусорят и шумят. Она не любит своего внука и придумала ему прозвище\r\nЧерныш, поскольку дочь вышла замуж за чернокожего полицейского. Когда социальные\r\nслужбы начинают за долги описывать ее имущество, она принимает нестандартное\r\nрешение: отправляется к местному наркодилеру и предлагает свои услуги. Бандиты\r\nошеломлены, но бабушка находит убедительные доводы, чтобы ее приняли на работу.\r\nНе проходит и месяца, как Полетт становится крупнейшим торговцем всех видов\r\nнаркотиков в районе. Бизнес процветает, жизнь налаживается. Однако любопытные\r\nподруги, зять, любвеобильный сосед и бандиты не дают насладиться ей обретенным\r\nблагосостоянием.', 100, 54, NULL, NULL, NULL),
(23, 'ДЕВУШКА НА МОСТУ', 2004, 'История любви двух одиноких душ, которые вместе сумели достичь небывалых высот.\r\nЮная девушка, которая хотела броситься с моста в Сену, и немолодой метатель ножей,\r\nкоторому нужна была ассистентка для представления. Как только они объединили\r\nсвои усилия, весь мир оказался у их ног. В тот момент, когда они расстались,\r\nсчастье и удача покинули их. И снова они встретились, но уже на другом мосту,\r\nгде счеты с жизнью собирался свести циркач.', 80, 65, NULL, NULL, NULL),
(24, 'ЖИЗНЬ В РОЗОВОМ ЦВЕТЕ', 2016, 'Жизнь Эдит Пиаф была похожа на сражение, каждый день ей приходилось бороться за\r\nправо жить, петь и любить! Из трущоб Парижа она поднялась на подмостки Нью-Йоркских\r\nконцертных залов и завладела сердцами всего мира. Ее друзьями были известнейшие\r\nлюди того времени — Жан Кокто, Марлен Дитрих, Марсель Сердан. Выросшая в жуткой\r\nнищете, Пиаф достигла колоссального успеха. Но, взлетев на необозримую высоту,\r\nона не смогла не обломать крылья...', 94, 54, NULL, NULL, NULL),
(25, 'ЧЕЛОВЕК БЕЗ ПРОШЛОГО', 2004, 'Безработный и безымянный мужчина, обитатель финской провинции, едет в Хельсинки\r\nс единственной надеждой — найти работу. Но не успеет он сойти с поезда на вокзале,\r\nкак тут же будет жестоко избит местными хулиганами, избит буквально до смерти.\r\nЕго доставят в больницу, где он умрет. Умрет, чтобы тут же воскреснуть и,\r\nполностью потеряв память, обнаружить себя в совсем другом, нежном Хельсинки.\r\nЧтобы забыть прошлое, отказаться от него и получить от судьбы новый шанс.\r\nЭтот шанс — встреча с Ирмой, женщиной в форме офицера Армии спасения...', 120, 54, NULL, NULL, NULL),
(26, 'ТРИНАДЦАТЫЙ РАЙОН', 2007, '2010 год, Париж, из-за разгула преступности некоторые особо опасные районы\r\nфранцузской столицы превращены в закрытые зоны и отгорожены от благополучных\r\nкварталов бетонной стеной. За ней бурлит совсем другая жизнь: здесь процветает\r\nторговля наркотиками и оружием, здесь даже дети не выходят из дома без оружия,\r\nздесь давно не работают школы и поликлиники, здесь полиция не стоит на страже закона,\r\nа лишь защищает себя или же сама поддерживает беззаконие. Главарю одной из банд\r\nудается завладеть нейтронной бомбой. Чтобы обезвредить ее, в 13-й район отправляется\r\nофицер спецназ Дамьен. Проникать в опасные зоны — его профессия, однако на\r\nэтот раз ему все-таки нужен проводник. Союзником Дамьена становится Лейто,\r\nотчаянный парень, сестра которого похищена тем же самым главарем...', 105, 48, NULL, NULL, NULL),
(27, 'ПАРИЖ', 1999, 'Париж — город любви, город свободы, город беспечной жизни. Каждый мечтает хоть\r\nраз в жизни увидеть Эйфелеву башню или отведать свежих круассанов на берегу\r\nСены. Легкость французской столицы притягивает людей со всего света. Но для\r\nсвоих жителей город поворачивается и другой стороной. Одинокая мать троих детей\r\nпостоянно спорит со своим нелюдимым братом. Уважаемый профессор истории борется\r\nс собственными чувствами к юной студентке. А хозяйка булочной отчаивается в\r\nбезнадежных попытках найти себе подсобного работника. Все эти маленькие истории\r\nделают Париж городом, который и любят, и ненавидят. Да, именно такой он — Париж...', 80, 54, NULL, NULL, NULL),
(28, 'ШЕФ', 2004, 'Молодой начинающий повар пытается изменить жизненный устой и предпочтения уже\r\nизвестного «звёздного» шеф-повара, и это упрямство и упорство делает из молодого\r\nчеловека настоящего короля кухни!', 120, 64, NULL, NULL, NULL),
(29, 'НЕВЕЗУЧИЕ', 2008, 'Руби успевает спрятать награбленные деньги, украденные у мафии, прежде, чем\r\nугодить в тюрьму, где знакомится с верзилой Квентином. Теперь они вместе ломают\r\nголову над тем, как выбраться на волю и вытащить деньги из тайника… К тому же\r\nРуби мечтает отомстить своим бывшим компаньонам, ответственным за смерть его\r\nвозлюбленной! Но вот как-то им все время не везет! Друзья придумывают план…', 90, 54, NULL, NULL, NULL),
(30, 'ХОЧУ КАК БРИДЖЕТ', 2004, 'Жозефине почти тридцать и у неё большая попа, которая, по её мнению, является\r\nглавной причиной отсутствия личной жизни. Девушка отчаянно пытается бороться\r\nсо своей пятой точкой липосакциями и антицеллюлитными мочалками, но всё тщетно.\r\nЕдинственным утешением является то, что она живёт с Брэдом Питтом — именно\r\nтак зовут ее кота. Но последней каплей станет известие о том, что её сестра\r\nвыходит замуж. Не в силах смириться с тем, что все вокруг нашли себе половинок,\r\nЖозефина придумывает роман с бразильским хирургом, к которому она якобы улетает\r\nза океан. И эта маленькая легенда превращает её жизнь в большое приключение\r\nсо счастливым концом.', 120, 35, NULL, NULL, NULL),
(31, 'ФИЛОМЕНА', 2005, 'Юная ирландка Филомена родила сына, будучи подростком, и её, как «падшую»,\r\nотправили на «перевоспитание» в монастырь, а младенца отдали в усыновление\r\nв американскую семью. В монастыре Филомена подвергалась неисчислимым унижениям.\r\nЗатем ей удалось вырваться оттуда, и она прожила достойную жизнь, но все эти\r\nгоды пыталась безуспешно найти своего сына. Её историей заинтересовался\r\nотзывчивый человек Мартин Сиксмит — опытный журналист, занимающийся темой\r\nзловещей роли церкви в многочисленных сломанных судьбах…', 100, 54, NULL, NULL, NULL),
(32, 'ПИРАТСКОЕ ТЕЛЕВИДЕНИЕ', 2004, 'Виктор, безмерно счастлив — он получил место в парижской телекомпании и теперь\r\nпереезжает из заштатного городка в столицу, где начинает работать стажером на\r\nтелеканале. Немного поднабравшись опыта и познакомившись с телепиратами,\r\nВиктор решает пойти несколько иным путем и принимается снимать альтернативные\r\nновости. Теперь в его репортажах мелькают то владелец похоронного бюро, то\r\nэксцентричная подружка нашего героя, то будни-праздники коренного парижского\r\nнаселения, в которых, надо сказать, страсти кипят ничуть не меньшие, чем в\r\nкаком-нибудь ток-шоу на телеканале в прайм-тайм. Вооружившись камерой,\r\nгерой торопится оказаться в самой гуще событий Парижа. Но самые интересные\r\nкадры в его карьере еще впереди…', 80, 65, NULL, NULL, NULL),
(33, 'КАНИКУЛЫ НА МОРЕ', 2016, 'Лето в Бретани. Большая семья собирается вместе, чтобы отметить 67-летие бабушки.\r\nСемейное сборище превращается в безумные каникулы с бесконечным застольем,\r\nшампанским, жаренным ягненком, песнями, походом на танцы, первой любовью и\r\nчередой неожиданных открытий, которые возможны только там, где смотрит на\r\nмир 11-летняя девочка, Альбертин. Лето, море, 1979 год, легкое напряжение в\r\nвоздухе поддерживает ожидание падение на Землю спутника NASA. В этом же\r\nнаправлении стараются родители Альбертин, семейная пара из Парижа, обладатели\r\nпрогрессивых идей и леворадикальных взглядов, без искрометного участия\r\nкоторых не проходит ни одна дискуссия за праздничным столом.', 94, 54, NULL, NULL, NULL),
(34, 'ВЫЖИВУТ ТОЛЬКО ЛЮБОВНИКИ', 2004, 'История древних вампиров Адама и Евы, которые видели ещё татаро-монгольское иго\r\nи инквизиции. Адам — рокер из Детройта, играющий андеграунд-музыку. Он уже очень\r\nстарый, он хочет тишины, покоя, и тихо ненавидит «зомби» (так вампиры зовут людей).\r\nЕва же — напротив, весьма жизнерадостная вампирелла постарше, общающаяся с\r\nпоэтом времён Шекспира, Кристофером Марло, и живущая в Танжере. Она приезжает\r\nвытаскивать своего любовника из пучины депрессии. Но идиллию нарушает внезапно\r\nзаявляющаяся младшая сестра Евы — Ава. Исход ситуации предсказать не в силах\r\nникто — выживут только любовники?', 120, 54, NULL, NULL, NULL),
(35, 'ТВОЯ РУКА В МОЕЙ РУКЕ', 2007, 'Иоким катается на скейтборде по улицам Парижа и живёт в доме замужней сестры,\r\nподрабатывает в мастерской. Выполняя поручение в Опера Гарнье, Иоким ни с того\r\nни с сего целует в темноте женщину — Элен Маршаль, надменная и строгая, преподаёт\r\nв балетных классах. Поцелуй оказался не простым, а «волшебным»: отныне эти двое\r\nпритянуты будто бы магнитом, не могут надолго отдаляться и вынужденно имитируют\r\nдвижения друг друга.', 105, 48, NULL, NULL, NULL),
(36, 'МЁБИУС', 1999, 'Жестокий и хладнокровный офицер с мрачным характером и проницательным умом,\r\nтайный агент ФСБ по кличке Моисей, ведет дело крупного российского олигарха,\r\nкоторого подозревают в фантастических финансовых махинациях. Кажется, он уже\r\nнаступил на хвост змеи, но тут в его жизнь врывается страсть. Он, никогда в\r\nжизни не знавший нежных чувств, влюбляется в Алису, работающую трейдером в\r\nбанковской структуре преступного олигарха. Что будет утром, когда окончится\r\nгорячая любовная ночь?', 80, 54, NULL, NULL, NULL),
(37, 'УБИЙСТВА В ОКСФОРДЕ', 2004, 'Мартин — студент, поступивший в престижный университет — Оксфорд, где неожиданно\r\nпроисходит целая серия загадочных убийств. Он вместе с детективом — приверженцем\r\nлогики и математики — начинает собственное расследование, вторгаясь во всё\r\nболее и более любопытные закоулки знаменитого университета…', 120, 64, NULL, NULL, NULL),
(38, 'НЕУДАЧНИКИ', 2008, 'Базилю не везет по жизни. То он чуть не погибает от шальной пули, то становится\r\nбездомным, то однажды с такими же «счастливчиками» как и он сам начинает бороться\r\nза справедливость. И с кем бороться — с крупнейшими в стране производителями\r\nоружия. Но, кто знает, может на этот раз удача улыбнется ему?', 90, 54, NULL, NULL, NULL),
(39, 'ЗАНУДА', 2004, 'Две комнаты в отеле. В одной поселился профессиональный убийца, в другой —\r\nпотенциальный самоубийца. Между комнатами — дверь и когда она откроется,\r\nциничному преступнику предстоит познакомиться с чемпионом мира по занудству,\r\nстрадающему от несчастной любви.', 120, 35, NULL, NULL, NULL),
(40, 'АНГЕЛ-А', 2005, '28-летний Андре должен десятки тысяч евро различным бандитам по всему Парижу.\r\n Когда подходит срок расплаты, он понимает, что шансов расплатиться — нет. И\r\nв полиции, и в американском посольстве ему отказывают в помощи. Но вот,\r\nрешив покончить с собой, он видит на мосту сногсшибательную красотку в очень\r\nмаленьком черном платье, которая прыгает в Сену. Андре бросается за ней.\r\nСпасенная девушка обещает помочь Андре во всем: она придумывает удивительные\r\nспособы добывать деньги и помогает решить проблемы с кредиторами. Но тут\r\nАндре начинает задаваться вопросом — почему эта восхитительная девушка\r\nтак старается ради него?', 100, 54, NULL, NULL, NULL),
(41, '1+1', 2004, 'Пострадав в результате несчастного случая, богатый аристократ\r\nФилипп нанимает в помощники человека, который менее всего подходит\r\nдля этой работы, — молодого жителя предместья Дрисса, только что\r\nосвободившегося из тюрьмы. Несмотря на то, что Филипп прикован\r\nк инвалидному креслу, Дриссу удается привнести в размеренную жизнь\r\nаристократа дух приключений.', 80, 65, NULL, NULL, NULL),
(42, '100 МИЛЛИОНОВ ЕВРО', 2016, 'История хорошо знакомой всей округе семьи Туше, которая постоянно стеснена в\r\nсредствах, но никогда не жалуется на судьбу и находит своё счастье в работе.\r\n Они всегда бедны, но счастливы. Неожиданно на них сваливается огромное богатство,\r\n  которое влечёт за собой большие перемены в их жизни. Смогут ли они изменить\r\n  свои привычки и жизненный уклад, продолжая оставаться самими собой?', 94, 54, NULL, NULL, NULL),
(43, 'МОЙ АТТИЛА МАРСЕЛЬ', 2004, 'Полю тридцать лет, он живет в парижской квартире со своими тетями, двумя\r\nпожилыми аристократками, которые воспитывали его с двух лет и мечтают о\r\nтом, чтобы он стал пианистом-виртуозом. Жизнь Поля — повседневная рутина,\r\nограничивающаяся пианино в гостиной и школой танцев его тети, в которой\r\nон работает аккомпаниатором. Изолированный от внешнего мира, Поль стареет,\r\nтак и не успев познакомиться с жизнью… До того дня, как происходит его\r\nвстреча с мадам Пруст, соседкой с четвертого этажа. У этой эксцентричной\r\nженщины имеется рецепт травяного чая, который может с помощью музыки вызвать\r\nдавно похороненные воспоминания…', 120, 54, NULL, NULL, NULL),
(44, 'ИМЯ', 2007, 'Винсент торжествует, скоро он впервые станет отцом. Приглашенный на ужин к\r\nсестре Елизавете и ее мужу Пьеру, он встречает своего друга детства Клода.\r\nВ ожидании прибытия Анны, своей молодой жены, он задает множество вопросов\r\nо его будущем отцовстве и правильном настрое… Но когда Винсента спросили\r\nо имени для будущего ребенка, его ответ погрузил всех в недоумение…', 105, 48, NULL, NULL, NULL),
(45, 'ЗАЩИТА ЛУЖИНА', 1999, 'По роману Владимира Набокова. Он — гениальный шахматист, его жизнь — игра.\r\nНо встреча с Наталией открывает для него новый, неизведанный и пугающе\r\nманящий мир. Шахматная доска — граница меж двух реальностей, любовь к\r\nженщине — единственное, что связывает его с внешним миром. Но здесь\r\nон чужой, а там ему нет места без нее.', 80, 54, NULL, NULL, NULL),
(46, 'НОВОСТИ С ПЛАНЕТЫ МАРС', 2004, 'Филипп Марс работает айтишником, мечтает о космосе, и его все достали!\r\nДети считают лузером, сестра — занудой, и даже призраки умерших\r\nродителей подшучивают над ним. Все меняется с появлением смешного\r\nи немного опасного коллеги Жерома. Вместе со своей пассией, сбежавшей\r\nиз психиатрической клиники, они перевернут дом и жизнь Филиппа с\r\nног на голову, заразят его романтичным бредом и заставят впервые\r\nв жизни совершить настоящий поступок — похлеще полета на Марс.', 120, 64, NULL, NULL, NULL),
(47, 'ЕСЛИ Б Я БЫЛА МУЖЧИНОЙ', 2008, 'Жанне настолько не везет с мужчинами, что она сгоряча клянется не иметь с\r\nними больше никаких дел. Каково же ее изумление, когда однажды она просыпается\r\n с мужским достоинством между ног! Отныне ее жизнь превращается в нескончаемую\r\n череду невероятных происшествий.', 90, 54, NULL, NULL, NULL),
(48, '2+1', 2004, 'Жизнь главного героя была легка и беззаботна ровно до тех пор, пока одна из\r\nего бывших не подкинула ему грудного ребёнка. Решив, что такая проблема ему\r\nне нужна, он поехал искать мать малышки Глории. Но все сложилось иначе…', 120, 35, NULL, NULL, NULL),
(49, 'НОВЕЙШИЙ ЗАВЕТ', 2005, 'Да, Бог существует. Но он совсем не такой, каким мы его представляли.\r\nОн живет в Брюсселе, и у него есть не только сын, но и дочь. Она сбегает\r\n из дома и отправляется в наш мир искать приключения и испытывать терпение\r\n  своего отца на прочность. Надолго ли его хватит?', 100, 54, NULL, NULL, NULL),
(50, '9 МЕСЯЦЕВ СТРОГОГО РЕЖИМА', 2004, 'Ариана — судья, трудоголик и блондинка с высокими моральными принципами.\r\nНикаких мужчин. Никакой семьи. Никаких детей. Только работа, только закон.\r\nКошмарная новость — и конец идиллии — она беременна! «Этого не может быть!»\r\n— кричит Ариана, начиная расследование самого невероятного дела в своей жизни!\r\nРаспутать его отчаянно мешают собственные принципы и знаменитый вор.\r\nНо нарушить закон Ариане все же придется. И лучше бы ей не знать, что\r\nже на самом деле произошло!', 80, 65, NULL, NULL, NULL),
(51, 'КОКО ШАНЕЛЬ И ИГОРЬ СТРАВИНСКИЙ', 2016, 'Их жизненные пути пересеклись в решающий момент, придав неожиданное направление\r\n культурной истории ХХ века. Их открытия и поныне не утратили своего значения.\r\n Стравинский создал новый подход к музыке, Шанель провела революцию в женской\r\n моде. Летом 1920 года Стравинский, оставшийся, как и многие беженцы из\r\n Советской России, без денег и без пристанища, принял приглашение Шанель\r\n погостить на её вилле под Парижем. Он приехал туда не один, с ним четверо\r\n детей и жена Катерина. Стравинскому и Шанель тогда еще только предстоит\r\n достигнуть высот славы, но в этот поворотный момент между ними вспыхивает\r\n тайная страсть, недозволенная, трагическая, но вместе с тем побуждающая обоих\r\n к тем творческим свершениям, которые и сделают их великими. Любовь их будет\r\n не долгой, но память о ней оба сохранят до конца жизни.', 94, 54, NULL, NULL, NULL),
(52, 'ТАКСИ', 2004, 'Молодой таксист Даниэль помешан на быстрой езде. Как ураган, проносится он по\r\nизвилистым улицам Марселя на своём мощном ревущем звере «Пежо», пугая пассажиров\r\n и прохожих. Неподкупный полицейский Эмильен вынуждает его помочь в поимке банды\r\n грабителей, ускользающих от полиции на своих неуловимых «Мерседесах». И до\r\n самого конца не ясно, кто же сможет удержаться на крутом вираже.', 120, 54, NULL, NULL, NULL),
(53, 'ШНАЙДЕР ПРОТИВ БАКСА', 2007, 'Шнайдер — наемный убийца-профессионал. Даже в день своего рождения он обязан\r\nподчиниться заказчику, некоему Мертенсу, и ликвидировать Рамона Бакса, писателя,\r\nживущего в домишке на берегу озера, окруженного болотами. Киллеру приходится\r\nспешить — ведь дома его ждет праздничный обед в кругу семьи. Однако в этот день\r\nвсе идет наперекосяк. Непредвиденные обстоятельства то и дело возникают на\r\nпути Шнайдера, отодвигая исход операции. Он нервничает и не догадывается,\r\nчто его жертва на самом деле тоже профессиональный гангстер, у которого он,\r\nШнайдер, на мушке…', 105, 48, NULL, NULL, NULL),
(54, 'ДНЕВНОЙ СВЕТ', 1999, 'Успешный адвокат Ирис узнает, что её мать всю жизнь скрывала от неё один большой\r\nсекрет. Оказывается, у неё есть старший брат, о существовании которого она даже\r\nне подозревала. Рэй, страдающий аутизмом, много лет назад был осужден за жестокое\r\nубийство, и теперь находится в судебно-психиатрической клинике. Проникнувшись\r\nсочувствием к своему брату, Ирис решает ему помочь, но в поисках истины ей\r\nпридется столкнуться с такими препятствиями, которые изменят её жизнь навсегда.', 80, 54, NULL, NULL, NULL),
(55, 'ДЕВУШКА С ТАТУИРОВКОЙ ДРАКОНА', 2004, 'Микаэль Блумквист — талантливый журналист, который верой и правдой добивается\r\nсправедливости в самых скандальных делах — неожиданно терпит фиаско в своей\r\nдеятельности, в результате чего вынужден отбыть срок лишения свободы. В то же\r\nвремя влиятельный человек Хенрик Вангер поручает ему дело о пропаже его племянницы,\r\nкоторая таинственным образом исчезла из имения Вангеров и о которой вот\r\nуже множество лет нет никаких новостей. А попытки Хенрика разыскать родственницу\r\nтакже не приводят к положительным результатам. Будучи скептиком, Микаэль\r\nсначала не верит в удачу, но вскоре обнаруживает запутанную и леденящую\r\nкровь историю, связанную с семейством Вангеров. В этом журналисту помогает\r\nнеформальная особа Лисбет Саландер, прослывшая не только гениальным умом,\r\nфотографической памятью, но и прекрасными хакерскими способностями.', 120, 64, NULL, NULL, NULL),
(56, 'КРАСНЫЙ БАРОН', 2008, 'Барон Манфред фон Рихтгофен является самым опасным и знаменитым пилотом\r\n военно-воздушных сил Германии в Первой мировой войне. Для него и его\r\nсоратников воздушные бои являются спортивным состязанием, техническим вызовом\r\nи почётной обязанностью, несмотря на весь ужас войны. Но после того как он\r\nвлюбился в медсестру Кейт, Манфред понимает, что он используется только как\r\nсредство пропаганды. Выбирая между его ненавистью к войне и ответственностью\r\nза его отряд истребителей, фон Рихтгофен решается лететь снова...', 90, 54, NULL, NULL, NULL),
(57, 'КОФЕ И СИГАРЕТЫ', 2004, 'Посетители нью-йоркского кафе – актеры и музыканты – за кофе и сигаретами\r\nведут полуимпровизированные диалоги о жизни. Кто-то из них уже добился успеха,\r\nдругие только что приехали в Америку попытать счастья... Жорж, 2005 год\r\nНоминации: Лучший независимый фильм', 120, 35, NULL, NULL, NULL),
(58, 'БИНГО БОНГО', 2005, 'Человек-обезьяна, найденный где-то в джунглях Конго, перевезен в Милан и\r\nназван Бинго-Бонго. Одна лишь Лаура, женщина-антрополог, верит в человеческие\r\nкачества этого необузданного полу животного, и их привязанность друг к другу\r\n даже перерастает в любовь.', 100, 54, NULL, NULL, NULL),
(59, 'МАЛЕНА', 2004, 'Малена — красавица-вдова, наваждение мужчин и предмет зависти женщин. Жены\r\nраспускают о ней грязные сплетни. Мужья преследуют ее по пятам и грезят\r\nо ней.', 80, 65, NULL, NULL, NULL),
(60, 'ЭЛЬЗА И ФРЕД', 2016, 'Вдовствующие Альфред и Эльса оказываются соседями. Между ними возникают взаимные\r\nчувства, на которые способен мало кто из пожилых людей. Эльсе удается превратить\r\n мрачного ипохондрика Альфредо в любящего жизнь человека, а он помогает ей\r\n осуществить самую заветную мечту.', 94, 54, NULL, NULL, NULL),
(61, 'ВСПОМИНАЯ МОИХ ПЕЧАЛЬНЫХ ШЛЮХ', 2004, 'Главный герой — журналист, человек преклонного возраста, который ни разу не\r\nиспытывал настоящего глубокого чувства к женщине, предпочитая платить за секс.\r\n И теперь, встретившись с юной девушкой, он понял, что впервые полюбил.\r\n Это открытие заставляет его вспомнить всю свою жизнь.', 120, 54, NULL, NULL, NULL),
(62, 'ВЛЮБЛЕННЫЙ СКОРПИОН', 2007, 'Хулиан, член неонацистской группировки, цель которой — зачистка улиц от\r\n«черных» и арабов, начинает тренироваться у Карломонте, в прошлом прославленного\r\nбоксера, а ныне — пьяницы, разрушившего свою жизнь. Но рядом с этим человеком,\r\nжестким и упрямым, Хулиан постепенно начинает меняться. Он отдаляется от бывших\r\nдружков, влюбляется в Алису, девушку, работающую в спортзале, у него появляется\r\nновый приятель — его чернокожий спарринг-партнер Фрэнки. Новая жизнь ему\r\nнравится больше, чем прежняя. Но главарь неонацистов Луис считает, что\r\nХулиан предатель, а это значит, что он должен понести жестокое наказание…', 105, 48, NULL, NULL, NULL),
(63, 'НОВОГОДНИЙ ОТРЫВ', 1999, 'В канун нового года пассажирский поезд терпит аварию и застревает на пустынном\r\nучастке. Время неумолимо движется к полуночи, а помощи все нет. Пассажиры теряют\r\nпоследнюю надежду встретить праздник в кругу своих близких. Уныние сменяется\r\nотчаянием и подозрительностью. Всем начинает казаться, что один из\r\nпутешественников — опасный преступник, вынашивающий кошмарные планы…', 80, 54, NULL, NULL, NULL),
(64, 'В БЕЛОМ ПЛЕНУ', 2004, 'Одним холодным зимним днем над территорией Норвегии разгорается жаркое сражение\r\nдвух самолетов — немецкого и английского. В результате столкновения обе машины\r\nполучают серьезные повреждения и падают в глухом норвежском лесу. Здесь, в\r\nизоляции от внешнего мира, враги вынуждены выживать вместе. Тяжелые условия\r\nи необходимость поддерживать друг друга постепенно превращают врагов в товарищей', 120, 35, NULL, NULL, NULL),
(65, 'ДУРАЦКОЕ ДЕЛО НЕХИТРОЕ', 2005, 'Норвегия. Зима. Трудолюбивый Нилс управляет мощным плужным снегоочистителем,\r\nкоторый очищает дороги и горные проходы негостеприимного обледенелого ландшафта\r\nместности, где он сам живёт. Совсем недавно он был признан жителем года за\r\nсвои старания, а теперь получает известие о том, что его сын погиб в результате\r\nпередозировки героина. Отказываясь верить в правдивость официальной версии\r\nсмерти своего сына, он начинает тайное расследование с целью найти предполагаемых\r\nубийц парня. Однако дальнейшие события разворачиваются самым непредсказуемым\r\nобразом, и ему приходится стать таинственным героем, внушающим страх в преступном мире.', 100, 54, NULL, NULL, NULL),
(66, 'ЖЕНЩИНА В ЧЕРНОМ', 2004, 'На дворе — конец девятнадцатого века, но, хотя люди пользуются автомобилями,\r\nжелезными дорогами и телеграфом, человек по-прежнему бессилен перед проявлениями\r\nсверхъестественного. Молодой лондонский юрист Артур Киппс вынужден оставить\r\nсвоего 4-летнего сына и отправиться в командировку в уединенную северную деревушку,\r\nчтобы составить реестр документов, оставшихся от скончавшегося хозяина поместья\r\nИл Марш. Добравшись до места и пообщавшись с негостеприимными местными жителями,\r\nон начинает понимать, что над деревушкой нависла тень мрачной тайны. Когда же\r\nрядом со старым кладбищем ему на глаза попадается загадочная женщина,\r\nодетая в черное, это малозначительное происшествие знаменует начало череды\r\nледенящих кровь смертей в семьях обитателей деревни.', 80, 65, NULL, NULL, NULL),
(67, 'ЖЕНА ХУДОЖНИКА', 2016, 'В 1889 году датская художница Мари Трипке вышла замуж за Педера Северина Крёйера,\r\n всемирно известного живописца. Они были одной из самых знаменитых семейных пар\r\nв стране, вызывая всеобщее восхищение. Выдающиеся люди времени — политики,\r\nаристократы, ученые, писатели, королевские особы — мечтали о том, чтобы\r\nП. С. Крёйер написал их портреты. Для них это было большой честью. И художник\r\nза свою работу мог назначить любую цену. А Мари называли самой красивой\r\nженщиной Европы. Жизнь семьи, в которой подрастала дочь Вибеке, выглядела\r\nидеальной: творчество, высокий статус, богатство. Но за внешним благополучием\r\nскрывался настоящий ад. Крёйер страдал наследственным психическим расстройством,\r\nчасто впадал в депрессии. Из веселого и радостного человека он в одно\r\nмгновение мог превращаться в сумасшедшего монстра. Знакомство со шведским\r\nкомпозитором Хуго Альвеном, которого Мари полюбила, казалось ей шагом к спасению…', 94, 54, NULL, NULL, NULL),
(68, 'ВТОРАЯ ЖИЗНЬ УВЕ', 2004, 'Кто же он такой, этот самый Уве? Пожилой въедливый ворчун, достающий соседей\r\nвечными придирками. Он впадает в ярость при виде брошенного не туда мусора\r\nили неправильно припаркованной машины. И кроет на чем свет стоит легкомысленную\r\nсемейку новоселов, в которой папаша и гвоздя вбить не способен. Зато Уве умеет\r\nвсе: виртуозно втиснуть свой «сааб» между крыльцом и почтовым ящиком, починить\r\nбатарею, выколотить скидку у самого прижимистого торговца. В доме и в гараже\r\nу него всегда идеальный порядок. Как и в мыслях. Вот только зачем ему пистолет\r\nили крюк в потолке, или пригоршня снотворных? Возможно, ответ знает приблудный\r\nкотище. Его не склонный к сантиментам Уве гнал-гнал, да так и не прогнал…', 120, 54, NULL, NULL, NULL),
(69, 'ФАЛЬШИВОМОНЕТЧИКИ', 2007, 'Берлин, 1936 год. Короля фальшивомонетчиков еврейского происхождения Соломона\r\nберут с поличным и доставляют в концлагерь, где знаменитому мошеннику приходится\r\nвыживать, рисуя картины фашистской пропаганды. Затем гестаповцы переводят его в\r\nзакрытый лагерь Заксенхаузен, где по приказу Гитлера собирается секретная\r\nгруппа заключенных-фальшивомонетчиков, которые должны печатать фиктивные\r\nдоллары и фунты-стерлинги для подрыва экономики вражеских государств. Опытный\r\n«блинопек» Соломон и типогравщик Адольф Бюргер оказывается перед нелегким\r\nвыбором: работать на фашистов или погибнуть...', 105, 48, NULL, NULL, NULL),
(70, 'МОБИ ДИК', 1999, 'Неутолимая жажда приключений приводит молодого американца Измаила на борт\r\nкитобойного судна. Уже отбыв в многодневное и опасное плавание, Измаил узнает,\r\nчто капитан корабля одержим безумной идеей найти и уничтожить легендарного\r\nбелого кита по прозвищу Моби Дик, которого не без основания называют «морским\r\nдьяволом».', 80, 54, NULL, NULL, NULL),
(71, 'ЖИЗНЬ ПОСЛЕ НЕГО', 2004, 'В автомобильной катастрофе погибает сын главной героини Камиллы — Матьё.\r\nЕдинственным человеком, к которому она может обратиться за поддержкой,\r\nоказывается Франк, виновный в смерти Матьё. Однако вскоре интерес Камиллы\r\nк Франку перерастает в болезненное наваждение...', 120, 35, NULL, NULL, NULL),
(72, 'ТАКСИ 4', 2005, 'Преступника № 1 транспортируют из Бельгии в Конго. .. через Марсель. Всего\r\nнесколько часов самый опасный человек в мире, надежно упакованный в скафандр\r\nи железную клетку, должен пробыть в полицейском участке комиссара Жибера.\r\nНо стеречь преступника доверили Эмильену... Петра внедрится в банду и очарует\r\nзлодея, Жибер задаст жару бандитам и покажет, как настоящие французы играют\r\nв футбол. И, конечно, полицейским Марселя опять не обойтись без помощи Даниеля\r\nи его реактивного такси.', 100, 54, NULL, NULL, NULL),
(73, 'ДВА С ПОЛОВИНОЙ ЖУЛИКА', 2004, 'На морском побережье, где-то между Неаполем и Амалфи, промышляют Джина и Лелло.\r\nОднажды, решив покататься на шикарной машине, ключи от которой им удалось\r\nзаполучить путем хитроумного трюка, они находят в ней одиннадцатилетнего Нино,\r\nродители которого находятся на пороге развода. Чтобы помирить их, мальчик\r\nрешает воспользоваться ситуацией и притвориться похищенным. Родители Нино\r\nподнимают на ноги всю полицию и выполняют все требования «похитителей».\r\nНо у Джины и Лелло есть свои планы. Они выманивают крупную сумму у неудачливого\r\nшвейцарского фабриканта. Всё идет успешно, пока Нино не похищают на самом деле...', 80, 65, NULL, NULL, NULL),
(74, 'СЕРДЦЕ ЗЕМЛИ', 2016, 'Маленький городок в Андалузии живёт в напряжении. Практически всё население\r\nгорода работает на шахте, владельцы которой — англичане. Недовольные условиями\r\nтруда горняки, вступают в спор со своими нанимателями, который грозит перерасти\r\n в войну.', 94, 54, NULL, NULL, NULL),
(75, 'ПРИЮТ', 2004, 'Самые счастливые годы Лаура провела в сиротском приюте на побережье. Любимые\r\nвоспитатели заменили ей родителей, а друзья — братьев и сестер.\r\nЧерез тридцать лет Лаура возвращается в дом своего детства с мужем и семилетним\r\nсыном. Она мечтает восстановить его и открыть для новых маленьких посетителей.\r\nОднако героиню поразили перемены, произошедшие с ее собственным сыном.\r\nИз милого мальчика он превратился в маленького монстра с жестокими фантазиями\r\nи опасными играми. Она уверена, что во всем виноват старый дом, таящий скрытую\r\nугрозу. Постепенно картины прошлого всплывают в памяти Лауры и открывают ей\r\nстрашную истину....', 120, 54, NULL, NULL, NULL),
(76, 'БЕЗУМЦЫ ИЗ СКОТЛАНД-ЯРДА', 2007, 'Инспекторы Вери Мачо и Вери Мач, гоняются по всему Лондону за неуемным убийцей,\r\nкоторый сеет в городе страх и ведет себя вызывающе нагло, устраивая побоище\r\nдаже в кабинете главы Скотланд-Ярда. Темной-темной ночью на городском кладбище\r\nдетективы обнаруживают семь свежевырытых могил с надгробными памятниками,\r\nна одном из них — имя Вери Мача, на другом — Виктории, любимой девушки его\r\nнапарника. Им и еще пяти жертвам осталось жить сутки — гласит послание\r\nуверенного в своей безнаказанности злодея...', 105, 48, NULL, NULL, NULL),
(77, 'У КАЖДОГО СВОЕ КИНО', 2004, 'В него вошли 35 киноновелл всемирно известных режиссеров из 25 стран и 5 континентов.\r\nКаждый попытался создать свое неповторимое кино. Все эти мини-фильмы,\r\nпродолжительностью 3-4 минуты, в той или иной степени связаны общей темой:\r\nкино в современном мире.', 120, 35, NULL, NULL, NULL),
(78, 'РУКИ ПРОЧЬ ОТ МИССИСИПИ', 2005, 'Маленькую Эмму переполняет радость — она отправляется погостить в деревню к\r\nлюбимой бабушке. Там девочка узнает, что живший по соседству старый рыбак умер,\r\nа его жадный племянник Альберт уже тут как тут, улаживает дела о наследстве.\r\nЭмме удается спасти любимую кобылу рыбака, которую Альберт собирался сдать на\r\nбойню. Девочка уговаривает бабушку выкупить лошадь у Альберта. И вот Эмма —\r\nполноправная хозяйка кобылы по кличке Миссисипи. Но Альберт вдруг изменил\r\nсвое решение и намерен вернуть себе лошадь. Эмма и ее друзья уверены, что\r\nэтот человек задумал что-то недоброе...', 100, 54, NULL, NULL, NULL),
(79, 'ВТОРОЕ ДЫХАНИЕ', 2004, 'Гюстав Минда — известный преступник, который совершает побег из тюрьмы.\r\nНо прежде чем покинуть страну с любимой женщиной, он решает подзаработать.\r\nГюстав с легкостью проворачивает очередную аферу, но полиция поворачивает\r\nдело так, что подельники Гюстава начинают подозревать его в предательстве.\r\nОтложив планы, Гюстав решает сделать все возможное, чтобы отстоять свою честь\r\nв преступном мире.', 80, 65, NULL, NULL, NULL),
(80, 'ЮНАЙТЕД. МЮНХЕНСКАЯ ТРАГЕДИЯ', 2016, 'В феврале 1958 года в авиакатастрофе в Мюнхене погибли члены легендарной\r\nфутбольной команды «Манчестер Юнайтед», а также журналисты и персонал клуба.\r\nСредний возраст игроков составлял 22 года. Их называли «малыши Басби»\r\n(по фамилии главного тренера). Они прославились не только благодаря юному\r\nвозрасту и одарённости, но и потому, что все были выращены «Манчестер Юнайтед»,\r\nа не куплены готовыми мастерами у других клубов. Вопреки трагедии, выживший\r\nмолодой помощник тренера Джимми Мерфи проявил необычайное мужество и силу духа\r\nи по крупицам восстановил разрушенную практически до основания великую команду...', 94, 54, NULL, NULL, NULL),
(81, 'ЛАБИРИНТ ФАВНА', 2004, 'Испания, 1944 год. Группа повстанцев сражается с фашистами в горных лесах\r\nсеверной Наварры. Офелия — 10-летняя одинокая и мечтательная девочка — переезжает\r\nсо своей беременной матерью Кармен в военный лагерь отчима капитана Видаля.\r\nВидаль — высокомерный и жестокий офицер армии Франко, который должен очистить\r\nрайон от повстанцев любой ценой. Офелия, увлеченная волшебными сказками,\r\nобнаруживает старинный заброшенный лабиринт неподалеку от дома. Фея проводит\r\nее в центр лабиринта, где она встречает Фавна, хозяина подземелья. Фавн\r\nутверждает, что знает её истинную судьбу и её тайное предназначение.\r\nОказывается Офелия — пропавшая принцесса волшебного королевства, которую\r\nмногие века разыскивает ее отец. Фавн предлагает ей возможность вернуться\r\nв волшебное королевство. Но для начала она должна пройти три испытания\r\nдо наступления полнолуния. Никто не должен узнать об этом. Время на\r\nисходе — как для Офелии, так и для отряда повстанцев. Всем придется\r\nпротивостоять трудностям и жестокости на пути к свободе.', 120, 54, NULL, NULL, NULL),
(82, 'ВОЛШЕБНЫЙ ПАРИЖ', 2007, 'Приехавшая развеяться 44-летняя англичанка попадает в постель к обходительному\r\nмолчаливому негру и умудряется заблудиться, когда утром выходит купить им обоим\r\nна завтрак свежего хлеба. Давшая название всей программе лирическая драма\r\nсо счастливым по-своему концом.', 105, 48, NULL, NULL, NULL),
(83, 'ПОКА ШЕЛ ДОЖДЬ', 2010, 'Внезапный дождь застает врасплох двух прохожих – мужчину и женщину. Еще не ясно,\r\nзнакомы ли они... Как и неизвестно, удастся ли им укрыться от внезапной стихии,\r\nнахлынувшей на город и их самих...', 105, 48, NULL, NULL, NULL),
(84, 'КРАСАВЧИК', 2004, 'Журналист Людо, схлопотавший восемь месяцев тюрьмы, освобожден на испытательный\r\nсрок при условии, что он обязательно пройдет курс трудотерапии. Ему предстоит\r\nотработать триста часов в местном детском саду. Как ухаживать за 8-летними оболтусами,\r\nЛюдо не очень представляет, но в группе работает его старая знакомая...', 120, 35, NULL, NULL, NULL),
(85, 'ТАТУИРОВКА В ВИДЕ БАБОЧКИ', 2005, 'Тату в виде бабочки символизирует красоту, непостоянство, порочность. Так же это\r\nсимвол возрождения, символ самой жизни. Она думала, что бабочка принесет ей\r\nсчастье и изменит мир к лучшему... Но бабочки не живут долго. Теплым июньским\r\nвечером на балу в университете Оксфорда Крис Маршал знакомится с Дженни —\r\nкрасоткой с тату в виде бабочки, — и совершенно теряет голову от любви. Однако\r\nсудьба не столь благосклонна к современным Ромео и Джульетте. У Криса есть босс,\r\nв темном прошлом которого остались кое-какие грешки, расплаты за которые жаждут\r\nего бывшие подельники. Они не оставят в покое ни своего должника, ни тех, кто\r\nхоть как-то с ним связан, в том числе и двух невинных влюбленных... Да и сама\r\nДженни, ее прошлое и ее тату скрывают мрачные тайны, разгадка которых может\r\nстоить Крису очень дорого.', 100, 54, NULL, NULL, NULL),
(86, 'СВАДЬБА БЕЛОЙ НОЧЬЮ', 2004, 'Возможно, темной ночью это не так заметно, а вот под белым ночным небом Исландии\r\nстановится очевидно: жених и невеста совсем по-разному волнуются перед\r\nбракосочетанием. И если девушка беспокоится о платье и прическе, то старый\r\nпрофессор совершенно не знает, что делать с долгами и родителями невесты,\r\nкоторые не в восторге от зятя-ровесника. Да и предыдущая жена не оставила\r\nновобрачному иллюзий по поводу семейной жизни. Так зачем жениться?', 80, 65, NULL, NULL, NULL),
(87, 'СТАТЬ ДЖОНОМ ЛЕННОНОМ', 2016, 'Художественный биографический фильм о Джоне Ленноне. Фильм повествует о детстве\r\nи юности Джона — от рождения и до конца 50-х годов, когда был сформирован\r\nпервый музыкальный коллектив с его участием — группа «The Quarrymen». Особым\r\nлейтмотивом будут показаны отношения Джона с матерью.', 94, 54, NULL, NULL, NULL),
(88, 'ПОТЕРЯННЫЕ ЧАСЫ', 2004, 'Представьте, что вы нашли на улице старые наручные часы и хотите получить\r\nвознаграждение за возврат находки владельцу. Благодарность за возможность\r\nвновь завладеть утерянной вещью может зависит от самых разных причин и\r\nобстоятельств...', 120, 54, NULL, NULL, NULL),
(89, 'ДАВНИЕ ЛЮБОВНИКИ', 2007, 'Сорокалетний архитектор Матье живет в Париже, занимается любимым делом. Он\r\nсчастлив в браке. Но, узнав, что его мать серьезно больна, он срочно возвращается\r\nв город, где провел детство. В этот непростой момент его жизни, Матье случайно\r\nвстречает школьную подругу Майю, в которую когда-то был влюблен. И давно\r\nзабытый роман разгорается с новой силой. Но не слишком ли поздно начинать все\r\nсначала...?', 105, 48, NULL, NULL, NULL),
(90, 'ПРОИГРАВШИЙ ЗАБИРАЕТ ВСЕ', 2007, 'Акула игорного бизнеса, обладающий феноменальной памятью и Жак — профессиональный\r\nигрок, у которого неоднократно возникали проблемы с различными казино.\r\nАнжела — профессиональный полицейский, призванная отлавливать подобных «акул»\r\nигорного бизнеса. Однако они прекрасно уживаются под одной крышей, старательно\r\nскрывая этот факт от окружающих — ведь подобная порочащая связь в момент погубит\r\nих карьеры. Однако на горизонте появляется начальник Отдела по Контролю за\r\nазартными играми, который утверждает, что вычислил секрет игры в Лото и\r\nим приходится объединиться, чтобы разоблачить постоянного победителя\r\nФранцузской Национальной Лотереи...', 105, 48, NULL, NULL, NULL),
(91, 'ЖАРА', 2009, 'Двое пожилых мужчин встречаются в центре Парижа. Это жаркий летний день,\r\nи новые приятели решают пройтись, а заодно поговорить о своих женах, любовных\r\n победах и о счастливо прожитой жизни.', 120, 35, NULL, NULL, NULL),
(92, 'АНАБЕЛЬ', 2005, 'У Анабель важный день – сегодня она выходит замуж. Она надевает платье невесты\r\nи ждет подругу, которая должна отвезти ее в церковь. Внезапно оказывается,\r\nчто подруга не приедет и Анабель должна добираться самостоятельно. Через поля\r\nи леса, на попутках и пешком... Грязь дорог превращает ее платье в лохмотья,\r\nно Анабель ничто не останавливает — ведь любимый ждет, а свадьба — только\r\nраз. Участник международного фестиваля в Хофе.', 100, 54, NULL, NULL, NULL);
INSERT INTO `films` (`id`, `name`, `year`, `descript`, `lasting`, `bowsing`, `img`, `url`, `rating`) VALUES
(93, 'ТАНЕЦ С НЕЗНАКОМЦЕМ', 2004, 'Между хозяйкой ночного клуба Рут Эллис и молодым красивым гонщиком Дэвидом Блэйкли\r\nначинается бурный роман. Но английский аристократ Дэвид не может открыто\r\nподдерживать отношения с женщиной сомнительной репутации. Он бросает Рут, что\r\nприводит ее в полное смятение чувств. Сгорая от безнадежной страсти, она впадает\r\nв депрессию, теряет работу и дом. Желая любой ценой вернуть любимого, Рут\r\nотправляется на последнюю, решающую встречу с Дэвидом, спрятав в сумочку пистолет..', 80, 65, NULL, NULL, NULL),
(94, 'БАЛТИЙСКИЙ ШТОРМ', 2016, 'Немецкая журналистка провела свое собственное расследование, о черном рынке\r\n торговли оружием и наркотиками в России. Нити привели ее в Таллин, где она\r\nопоздала на последний рейс парома, на борту которого, по ее данным, находился\r\nгрузовик, доверху забитый последними военными разработками России. Ночь с 27\r\nна 28 сентября 1994 года, шведско-эстонский паром «Эстония» затонул в\r\nБалтийском море, 852 человека погибли, 145 были спасены и до сегодняшнего\r\nдня это считается самой крупной морской катастрофой на территории Европы\r\nсо времён Второй мировой войны. Секретный груз высокотехнологичного оружия\r\nсделал пассажиров мишенью для военных. Выйдя на бывших агентов\r\nвосточногерманской «Штази» и советского КГБ, журналистка вступает\r\nв опасную игру против спецслужб...', 94, 54, NULL, NULL, NULL),
(95, 'ШАЙТАН', 2004, 'Неподалеку от города есть места, где легко может заблудиться городской человек.\r\n И где в заброшенном доме дремлет Зло из полузабытых старинных легенд,\r\nтерпеливо поджидая очередную жертву. Соблазненные улыбками красоток из\r\nночного клуба, друзья Барт, Ладж, Таи и Ясмин уходят с непонравившейся вечеринки.\r\nКокетливая Ева приглашает всех поехать с ней и продолжить веселиться. Герои\r\nфильма принимают приглашение совершить прогулку за город, не подозревая,\r\nчто она окажется путешествием в Ад. Ребята попадают в кровавую историю,\r\nоказавшись в руках сумасшедшего садовника.', 120, 54, NULL, NULL, NULL),
(96, 'ВСЁ О МОЕЙ МАТЕРИ', 2007, 'На мать-одиночку Мануэлу обрушивается самое ужасное из земных несчастий — в\r\nавтокатастрофе погибает её единственный сын Эстебан. Подвергнувшись спонтанному\r\nпорыву, убитая горем женщина возвращается в город своей бурной юности — Барселону.\r\n Там она встречается с призраком Прошлого, чьи уродливые когти безжалостно\r\n царапают судьбы людей в Настоящем. Мануэле предстоит встреча с отцом Эстебана\r\n и его окружением, от которых она сбежала шестнадцать лет назад.', 105, 48, NULL, NULL, NULL);

-- --------------------------------------------------------

--
-- Структура таблицы `genres`
--

CREATE TABLE `genres` (
  `id` int(11) NOT NULL,
  `name` varchar(50) NOT NULL
) ENGINE=InnoDB DEFAULT CHARSET=utf8;

--
-- Дамп данных таблицы `genres`
--

INSERT INTO `genres` (`id`, `name`) VALUES
(1, 'Драма'),
(2, 'Триллер'),
(3, 'Ужасы'),
(4, 'Криминальный'),
(5, 'Короткометражный'),
(6, 'Детектив'),
(7, 'Комедия'),
(8, 'Мелодрама'),
(9, 'Биография'),
(10, 'Музыкальный'),
(11, 'Исторический'),
(12, 'Приключения'),
(13, 'Семейное'),
(14, 'Боевик'),
(15, 'Военный'),
(16, 'Фэнтези'),
(17, 'Фантастика'),
(18, 'Детский');

-- --------------------------------------------------------

--
-- Структура таблицы `genres_films`
--

CREATE TABLE `genres_films` (
  `id_films` int(11) NOT NULL,
  `id_genres` int(11) NOT NULL
) ENGINE=InnoDB DEFAULT CHARSET=utf8;

--
-- Дамп данных таблицы `genres_films`
--

INSERT INTO `genres_films` (`id_films`, `id_genres`) VALUES
(1, 1),
(1, 2),
(2, 7),
(3, 1),
(3, 3),
(3, 16),
(4, 7),
(5, 8),
(6, 8),
(7, 14),
(8, 7),
(9, 8),
(10, 1),
(11, 7),
(12, 7),
(12, 1),
(13, 1),
(14, 1),
(15, 1),
(15, 4),
(16, 9),
(16, 1),
(17, 7),
(17, 12),
(17, 13),
(18, 11),
(18, 7),
(19, 7),
(20, 11),
(21, 8),
(22, 7),
(22, 4),
(22, 1),
(23, 8),
(24, 1),
(24, 10),
(25, 18),
(25, 4),
(26, 14),
(26, 17),
(27, 7),
(27, 8),
(28, 7),
(29, 7),
(30, 7),
(30, 8),
(31, 1),
(31, 7),
(32, 7),
(33, 7),
(34, 7),
(35, 1),
(35, 2),
(35, 16),
(36, 8),
(37, 1),
(37, 2),
(38, 6),
(38, 2),
(39, 7),
(39, 4),
(40, 7),
(41, 7),
(41, 8),
(41, 16),
(42, 7),
(42, 1),
(43, 7),
(43, 13),
(44, 7),
(45, 1),
(45, 7),
(46, 8),
(47, 7),
(48, 7),
(49, 7),
(50, 7),
(50, 16),
(51, 1),
(51, 8),
(51, 10),
(52, 7),
(52, 4),
(52, 14),
(53, 7),
(53, 4),
(54, 7),
(54, 2),
(55, 1),
(55, 2),
(55, 6),
(56, 16),
(56, 6),
(56, 17),
(56, 18),
(57, 9),
(57, 14),
(57, 1),
(57, 11),
(58, 1),
(59, 7),
(60, 15),
(60, 1),
(61, 1),
(61, 7),
(62, 1),
(62, 8),
(63, 1),
(63, 2),
(64, 7),
(65, 14),
(65, 15),
(65, 1),
(66, 14),
(66, 1),
(67, 1),
(67, 2),
(67, 3),
(68, 1),
(68, 9),
(69, 7),
(69, 1),
(70, 1),
(71, 1),
(71, 12),
(72, 1),
(73, 7),
(74, 7),
(75, 8),
(76, 6),
(76, 1),
(76, 2),
(77, 6),
(77, 7),
(77, 4),
(78, 7),
(78, 1),
(79, 7),
(79, 12),
(79, 13),
(80, 6),
(80, 1),
(80, 4),
(81, 1),
(81, 11),
(82, 1),
(83, 5),
(84, 5),
(85, 7),
(85, 8),
(86, 1),
(86, 2),
(87, 1),
(88, 9),
(89, 5),
(90, 8),
(91, 6),
(91, 7),
(92, 5),
(93, 5),
(94, 1),
(94, 4),
(94, 2),
(95, 2),
(96, 2),
(72, 1),
(73, 7),
(74, 7),
(75, 8),
(76, 6),
(76, 1),
(76, 2),
(77, 6),
(77, 7),
(77, 4),
(78, 7),
(78, 1),
(79, 7),
(79, 12),
(79, 13),
(80, 6),
(80, 1),
(80, 4),
(81, 1),
(81, 11),
(82, 1),
(83, 5),
(84, 5),
(85, 7),
(85, 8),
(86, 1),
(86, 2),
(87, 1),
(88, 9),
(89, 5),
(90, 8),
(91, 6),
(91, 7),
(92, 5),
(93, 5),
(94, 1),
(94, 4),
(94, 2),
(95, 2),
(96, 2),
(96, 3);

-- --------------------------------------------------------

--
-- Структура таблицы `people`
--

CREATE TABLE `people` (
  `id` int(11) NOT NULL,
  `name` varchar(80) NOT NULL
) ENGINE=InnoDB DEFAULT CHARSET=utf8;

--
-- Дамп данных таблицы `people`
--

INSERT INTO `people` (`id`, `name`) VALUES
(248, ' Антон Ельчин'),
(229, ' Армель Чахби'),
(416, ' Бернард Хилл'),
(479, ' Миранда Ричардсон'),
(309, ' Николя Марье'),
(294, ' Орла Брэйди'),
(308, ' Филипп Юшан'),
(13, ' Ян Каунен'),
(462, 'Аарон Джонсон'),
(88, 'Агата Кюри'),
(343, 'Адриано Челентано'),
(15, 'Азиф Кападиа'),
(370, 'Аида Фольч'),
(23, 'Аки Каурисмяки'),
(198, 'Аксель Лафон'),
(450, 'Алвара Хёфельс'),
(445, 'Алекс Ангуло'),
(48, 'Алекс Ван Вармердам'),
(365, 'Алекс Гонсалес'),
(33, 'Алекс де ла Иглесиа'),
(165, 'Алекс Дженнингс'),
(261, 'Алекс Кокс'),
(38, 'Александр де Ла Пательер'),
(289, 'Алексис Леприз'),
(158, 'Ален Делон'),
(76, 'Ален Корно'),
(300, 'Алис Белаиди'),
(8, 'Алис Винокур'),
(302, 'Алис Давид'),
(45, 'Альбер Дюпонтель'),
(334, 'Альберт Фрэнк'),
(344, 'Альфио Патане'),
(339, 'Альфред Молина'),
(97, 'Амелия Баллмор'),
(415, 'Ана Фернандес'),
(312, 'Анатоль Таубман'),
(391, 'Андерс Гьеллеруп Кох'),
(226, 'Андре Дюссолье'),
(197, 'Андре Пенверн'),
(6, 'Андре Тешине'),
(73, 'Андрей Кончаловский'),
(325, 'Анжела Схяйф'),
(276, 'Анн Ле Ни'),
(305, 'Анна Коттис'),
(393, 'Анна-Лена Брундин'),
(320, 'Аннет Мальэрб'),
(120, 'Анни Жирардо'),
(184, 'Анри Гарсен'),
(69, 'Антонио Куадри'),
(490, 'Антония Сан Хуан'),
(301, 'Антуан Гуи'),
(363, 'Анхела Молина'),
(28, 'Аньес Обадья'),
(446, 'Ариадна Хиль'),
(467, 'Арли Ховер'),
(397, 'Аугуст Диль'),
(398, 'Аугуст Цирнер'),
(82, 'Бальтасар Кормакур'),
(233, 'Барбара Джеффорд'),
(483, 'Барбара Шёне'),
(425, 'Бастиан Пастевка'),
(394, 'Бахар Парс'),
(253, 'Беатрис де Стаэль'),
(122, 'Беатрис Мишель'),
(99, 'Бен Миллер'),
(303, 'Бен Хоумвуд'),
(123, 'Бенуа Пульворд'),
(230, 'Беранжер Криеф'),
(196, 'Бернадетт Лафон'),
(317, 'Бернар Фарси'),
(200, 'Берти Кортес'),
(340, 'Билл Мюррей'),
(62, 'Билле Аугуст'),
(405, 'Билли Бойд'),
(100, 'Билли Коннолли'),
(484, 'Биргит Стейн'),
(392, 'Биргитта Йорт Сёренсен'),
(353, 'Бланка Портильо'),
(127, 'Боб Хоскинс'),
(256, 'Бранка Катич'),
(429, 'Брижит Бардо'),
(11, 'Брюно Дюмон'),
(152, 'Бьярне Остеруд'),
(143, 'Ваина Джоканте'),
(287, 'Валери Бенгиги'),
(250, 'Валери Лемерсье'),
(134, 'Валерия Бруни-Тедески'),
(147, 'Валерия Голино'),
(345, 'Вальтер Д’Аморе'),
(199, 'Ванесса Паради'),
(399, 'Вейт Стабнер'),
(104, 'Венсан Кассель'),
(299, 'Венсан Макен'),
(395, 'Виктор Богё'),
(326, 'Виктор Лёв'),
(128, 'Винсент Риган'),
(148, 'Витторио Ди Паола'),
(257, 'Владимир Меньшов'),
(426, 'Вольфганг Вёльц'),
(452, 'Вольфганг Штумф'),
(20, 'Вонг Кар-Вай'),
(2, 'Гай Дженкин'),
(60, 'Ганс Петтер Моланд'),
(153, 'Гари Пиллаи'),
(66, 'Гаэль Морель'),
(349, 'Гаэтано Ароника'),
(321, 'Гене Бервутс'),
(407, 'Ги Маршан'),
(284, 'Гийом Гуи'),
(290, 'Гийом де\r\nТонкедек'),
(96, 'ГийомГуи'),
(78, 'Гильермо дель Торо'),
(354, 'Гонсало Уртисбереа'),
(482, 'Грета Скакки'),
(447, 'Даг Джонс'),
(215, 'Дани Вериссимо'),
(181, 'Даниель Отой'),
(26, 'Даниэль Коэн'),
(170, 'Даниэль Прево'),
(400, 'Девид Штрисов'),
(201, 'Деметре Георгалас'),
(324, 'Дерек де Линт'),
(75, 'Детлев Бук'),
(272, 'Джамель Деббуз'),
(385, 'Джанет МакТир'),
(411, 'Джанлука Гречи'),
(406, 'Джеймс Гилберт'),
(168, 'Джеймс Кромуэлл'),
(77, 'Джеймс Стронг'),
(61, 'Джеймс Уоткинс'),
(441, 'Джек О’Коннелл'),
(362, 'Джеральдин Чаплин'),
(453, 'Джессика Блейк'),
(129, 'Джет Ли'),
(247, 'Джеффри Райт'),
(402, 'Джиллиан Андерсон'),
(31, 'Джим Джармуш'),
(260, 'Джим Картер'),
(291, 'Джон Туртурро'),
(245, 'Джон Хёрт'),
(107, 'Джона Лис'),
(463, 'Джош Болт'),
(480, 'Джоэнн Уэлли'),
(189, 'Джуд Лоу'),
(232, 'Джуди Денч'),
(366, 'Джудит Диакате'),
(350, 'Джузеппе Сульфаро'),
(53, 'Джузеппе Торнаторе'),
(259, 'Джули Кокс'),
(49, 'Дидерик Ван Ружен'),
(202, 'Дидье Лемуан'),
(130, 'Дилан Браун'),
(442, 'Дин Эндрюс'),
(485, 'Дитер Лазер'),
(112, 'Доминик Беснеар,'),
(41, 'Доминик Молль'),
(258, 'Доминик Пинон'),
(361, 'Доминика Палета'),
(486, 'Дональд Сазерленд'),
(454, 'Дункан Стюарт'),
(216, 'Дэвид Белль'),
(386, 'Дэвид Бурк'),
(280, 'Дэвид Камменос'),
(443, 'Дэвид Колдер'),
(74, 'Дэвид Кроненберг'),
(464, 'Дэвид Моррисси'),
(102, 'Дэвид Теннант'),
(465, 'Дэвид Трелфолл'),
(455, 'Дэн Морган'),
(182, 'Дэни Бун'),
(387, 'Дэниэл Рэдклифф'),
(444, 'Дюгрэй Скотт'),
(322, 'Ева ван де Вийдевен'),
(16, 'Жак Дере'),
(477, 'Жак Жиро'),
(124, 'Жак Мату'),
(44, 'Жако ван Дормель'),
(92, 'Жан Дюжарден'),
(224, 'Жан Рено'),
(12, 'Жан-Жак Анно'),
(409, 'Жан-Кристоф Буве'),
(140, 'Жан-Люк Бидо'),
(136, 'Жан-Люк Винсент'),
(410, 'Жан-Люк Кучар'),
(159, 'Жан-Поль Бельмондо'),
(118, 'Жан-Поль Рув'),
(34, 'Жан-Пьер Жёне'),
(472, 'Жан-Пьер Мало'),
(113, 'Жан-Пьер Мартен'),
(114, 'Жерар Депардье'),
(67, 'Жерар Кравчик'),
(47, 'Жерар Пирес'),
(251, 'Жереми Элькайм'),
(21, 'Жером Энрико'),
(93, 'Жиль Леллуш'),
(115, 'Жильбер Мелки'),
(271, 'Жильбер Мельки'),
(417, 'Жоаким ди Алмейда'),
(144, 'Жослин Киврен'),
(217, 'Жофрей Платель'),
(341, 'Жуа Ли'),
(180, 'Жюли Гайе'),
(30, 'Жюли Дельпи'),
(263, 'Жюли Ферье'),
(487, 'Жюли-Мари Парментье'),
(223, 'Жюльен Буасселье'),
(135, 'Жюльет Бинош'),
(241, 'Зинедин Суалем'),
(396, 'Зозан Акгюн'),
(436, 'Зоэ Маахардт'),
(119, 'Ив Жак'),
(466, 'Иван Атталь'),
(448, 'Ивана Бакеро'),
(342, 'Игги Поп'),
(430, 'Изабель Аджани'),
(278, 'Изабель Нанти'),
(330, 'Ингвар Хирдвалль'),
(264, 'Иоланда Моро'),
(481, 'Иэн Холм'),
(327, 'Йап Спийкерс'),
(427, 'Йоахим Фуксбергер'),
(458, 'Йохан Сигуроарсон'),
(110, 'Кад Мерад'),
(211, 'Кайя Пакаринен'),
(491, 'Кандела Пенья'),
(401, 'Карл Марковиц'),
(412, 'Карло Буччироссо'),
(355, 'Карлос Альварес-Навойя'),
(367, 'Карлос Бардем'),
(195, 'Кармен Маура'),
(346, 'Кароль Буке'),
(149, 'Каспар Каппарони'),
(418, 'Каталина Сандино Морено'),
(435, 'Катарина Тальбах'),
(210, 'Кати Оутинен'),
(109, 'Катрин Денёв'),
(160, 'Катрин Рувель'),
(190, 'Катя Блюменберг'),
(131, 'Керри Кондон'),
(90, 'Ким Шапирон'),
(388, 'Киран Хайндс'),
(413, 'Клаудио Бизио'),
(306, 'Клементин Селарье'),
(281, 'Клер Надо'),
(141, 'Клод Брассёр'),
(18, 'Клод Зиди'),
(171, 'Клод Пьеплю'),
(275, 'Клотильд Молле'),
(204, 'Клотильда Куро'),
(434, 'Константин Каухер'),
(161, 'Коринн Маршан'),
(476, 'Кристель Корниль'),
(169, 'Кристиан Клавье'),
(108, 'Кристиан Лис'),
(186, 'Кристиан Слейтер'),
(125, 'Кристиан Шарметан'),
(428, 'Кристиана Пауль'),
(433, 'Кристоф Мария Хербст'),
(456, 'Кристофер Дэйн'),
(382, 'Кристофер Хивью'),
(14, 'Кшиштоф Занусси'),
(488, 'Ладж Ли'),
(162, 'Лаура Адани'),
(178, 'Лаура Моранте'),
(380, 'Лахлан Нибор'),
(489, 'Лейла Бехти'),
(389, 'Лене Мария Кристенсен'),
(431, 'Леонид Алексеенко'),
(172, 'Летиция Каста'),
(5, 'Летиция Коломбани'),
(468, 'Лизабет Вагнер'),
(117, 'Лионель Абелански'),
(86, 'Лоран Бенеги'),
(19, 'Лоран Тирар'),
(267, 'Лорен Паолини'),
(150, 'Лоренцо Балдуччи'),
(459, 'Лофи Эльясдоттир'),
(323, 'Лоэс Хаверкорт'),
(10, 'Луи Летерье'),
(283, 'Луис Рего'),
(351, 'Лучиано Федерико'),
(177, 'Людивин Санье'),
(35, 'Люк Бессон'),
(65, 'Майк Баркер'),
(164, 'Майкл Шин'),
(474, 'Максим Лерукс'),
(335, 'Максим Мехмет'),
(116, 'Малик Зиди'),
(449, 'Маноло Соло'),
(316, 'Мануэла Гурари'),
(356, 'Мануэль Александр'),
(460, 'Маргрет Вильялмсдоттир'),
(183, 'Мари Пийе'),
(331, 'Марика Лагеркранц'),
(227, 'Марилу Берри'),
(205, 'Марион Котийяр'),
(492, 'Мариса Пареде'),
(209, 'Маркку Пелтола'),
(360, 'Марко Антонио Тревиньо'),
(151, 'Марко Басиле'),
(54, 'Маркос Карневале'),
(40, 'Марлен Горрис'),
(328, 'Мартье ван де Ветеринг'),
(352, 'Матильде Пьяна'),
(329, 'Маттео ван дер Грийн'),
(4, 'Маттео Гарроне'),
(336, 'Маттиас Швайгхефер'),
(39, 'Матьё Делапорт'),
(139, 'Мелани Бернье'),
(95, 'Мелани Дотей'),
(218, 'Мелани Лоран'),
(231, 'Мехди Неббу'),
(246, 'Миа Васиковска'),
(368, 'Мигель Анхель Сильвестре'),
(332, 'Микаэл Нюквист'),
(222, 'Микаэль Юн'),
(374, 'Мики Эспарбе'),
(440, 'Мишель Блан'),
(173, 'Мишель Галабрю'),
(126, 'Мишель Гарсиа'),
(154, 'Мишель Йео'),
(155, 'Мишель Крусик'),
(29, 'Мишель Леклерк'),
(187, 'Мишель Лонсдаль'),
(298, 'Мишель Омон'),
(348, 'Моника Беллуччи'),
(132, 'Морган Фриман'),
(473, 'Морис Бенишу'),
(379, 'Мортен Фальдаас'),
(424, 'Мэйбл Ривера'),
(234, 'Мэр Уиннингхэм'),
(372, 'Нао Альбет'),
(191, 'Натали Портман'),
(121, 'неизвестно'),
(51, 'Николай Мюллершён'),
(313, 'Николя Вод'),
(439, 'Николя Дювошель'),
(145, 'Николя Марье'),
(50, 'Нильс Арден Оплев'),
(192, 'Нора Джонс'),
(451, 'Нора Чирнер'),
(333, 'Нуми Рапас,'),
(369, 'Нурия Гаго'),
(42, 'Одри Дана'),
(277, 'Одри Флеро'),
(297, 'Оливия Коте'),
(359, 'Оливия Молина'),
(36, 'Оливье Барру'),
(22, 'Оливье Даан'),
(270, 'Оливье Клаври'),
(7, 'Оливье Накаш'),
(475, 'Оливье Саладин'),
(357, 'Омар Муньос'),
(243, 'Ор Атика'),
(423, 'Оскар Касас'),
(266, 'Паскаль Элбе'),
(52, 'Паскуале Феста Кампаниле'),
(286, 'Патрик Брюэль'),
(146, 'Патрик Милле'),
(265, 'Патрик Тимси'),
(9, 'Патрис Леконт'),
(432, 'Пега Ахангарани'),
(91, 'Педро Альмодовар'),
(493, 'Пенелопа Крус'),
(59, 'Петтер Несс'),
(292, 'Питер Блайт'),
(457, 'Питер Истербрук'),
(235, 'Питер Хэрман'),
(384, 'Пол Сверре Валхейм Хаген'),
(319, 'Пьер Бокма'),
(282, 'Пьер Лоттен'),
(24, 'Пьер Морель'),
(174, 'Пьер Пальмад'),
(314, 'Радивойе Буквич'),
(304, 'Ральф фон Блюменталь'),
(137, 'Раф Дидье Депре'),
(221, 'Рафаэль Агоге'),
(193, 'Рейчел Вайс'),
(269, 'Ри Расмуссен'),
(337, 'Ричард Крайчо'),
(225, 'Ришар Берри'),
(338, 'Роберто Бениньи'),
(347, 'Роберто Марелли'),
(167, 'Роджер Аллам'),
(422, 'Роже Принсеп'),
(101, 'Розамунд Пайк'),
(175, 'Ромен Дюри'),
(219, 'Ромен Дюрис'),
(89, 'Рубен Ледер'),
(414, 'Рубен Ригильо'),
(378, 'Руперт Гринт'),
(478, 'Руперт Эверетт'),
(236, 'Рут МакКейб'),
(208, 'Сакари Куосманен'),
(408, 'Салим Кешьюш'),
(274, 'Салимата Камате'),
(220, 'Салом Стевенен'),
(105, 'Сальма Хайек'),
(310, 'Сандрин Киберлэн'),
(56, 'Сантьяго Занну'),
(239, 'Сара Форестье'),
(279, 'Сара Штерн'),
(156, 'Свен Хенриксен'),
(390, 'Сверрир Гуднасон'),
(84, 'Себастьен Сорт'),
(1, 'Седрик Жименес'),
(85, 'Седрик Кан'),
(25, 'Седрик Клапиш'),
(94, 'Селин Саллетт'),
(142, 'Серджо Перис-Менчета'),
(268, 'Серж Рябукин'),
(255, 'Сесиль Де Франс'),
(419, 'Сиенна Гиллори'),
(37, 'Сильвен Шомэ'),
(203, 'Сильви Тестю'),
(71, 'Сирил Босс,'),
(285, 'Сирил Коутон'),
(273, 'Сирил Менди'),
(214, 'Сирил Раффаэлли'),
(377, 'Сондре Крогтофт Ларсен'),
(87, 'Стефани де Фелин'),
(17, 'Стивен Фрирз'),
(376, 'Стиг Хенрик Хоф'),
(381, 'Стиг Хенрик Хофф'),
(106, 'Стэйси Мартин'),
(83, 'Сэм Тейлор Вуд'),
(80, 'Тиль Швайгер'),
(254, 'Тим Рот'),
(383, 'Тобиас Зантельман'),
(249, 'Том Хиддлстон'),
(373, 'Тони Акоста'),
(213, 'Тони Д’Амарио'),
(461, 'Тростур Лео Гуннарссон'),
(471, 'Тьерри Лермитт'),
(404, 'Уильям Хёрт'),
(293, 'Фабио Сартор'),
(133, 'Фабрис Лукини'),
(179, 'Фанни Валетт'),
(188, 'Федор Шаляпин'),
(238, 'Феликс Моати'),
(421, 'Фернандо Кайо'),
(81, 'Филип Хоукинс'),
(307, 'Филипп Дюкен'),
(252, 'Филипп Лоденбаш'),
(438, 'Филипп Наон'),
(72, 'Филипп Стэннерт'),
(375, 'Флориан Лукас'),
(68, 'Франко Амурри'),
(27, 'Франсис Вебер'),
(296, 'Франсуа Дамиенс'),
(469, 'Франсуа Негре'),
(212, 'Франсуа Шатто'),
(194, 'Франсуаз Бертен'),
(364, 'Хавьер Бардем'),
(63, 'Ханнес Холм'),
(166, 'Хелен МакКрори'),
(163, 'Хелен Миррен'),
(55, 'Хеннинг Карлсен'),
(138, 'Хосе Гарсия'),
(58, 'Хосе Корбачо'),
(70, 'Хуан Антонио Байона'),
(57, 'Хуан Крус'),
(43, 'Хьюго Желен'),
(228, 'Шарли Дюпон'),
(79, 'Шарлотт Жюли'),
(288, 'Шарль Берлинг'),
(103, 'Ширли Хендерсон'),
(157, 'Шон Бин'),
(185, 'Шон Коннери'),
(64, 'Штефан Руцовицки'),
(420, 'Эдгар Вивар'),
(403, 'Эдди Марсан'),
(176, 'Эдуард Баэр'),
(315, 'Эдуард Монтут'),
(262, 'Элайджа Вуд'),
(470, 'Эльза Зильберштейн'),
(295, 'Эмили Уотсон'),
(358, 'Эмилио Эчеваррия'),
(98, 'Эмилия Джонс'),
(318, 'Эмма Сьоберг'),
(237, 'Эммануэль Беар'),
(111, 'Эммануэль Беар,'),
(244, 'Эмманюэль Рива'),
(206, 'Эмманюэль Сенье'),
(3, 'Энди Хэмилтон'),
(311, 'Эрик Демарец'),
(437, 'Эрик Кантона'),
(32, 'Эрик Рошан'),
(242, 'Эрик Элмоснино'),
(240, 'Эрик Элмосниноc'),
(371, 'Эрнесто Альтерио'),
(207, 'Юхани Ниемеля'),
(46, 'Ян Кунен');

-- --------------------------------------------------------

--
-- Структура таблицы `people_films_role`
--

CREATE TABLE `people_films_role` (
  `id_films` int(11) NOT NULL,
  `id_people` int(11) NOT NULL,
  `role` enum('Режисcер','Актер') NOT NULL
) ENGINE=InnoDB DEFAULT CHARSET=utf8;

--
-- Дамп данных таблицы `people_films_role`
--

INSERT INTO `people_films_role` (`id_films`, `id_people`, `role`) VALUES
(1, 1, 'Режисcер'),
(2, 2, 'Режисcер'),
(2, 3, 'Режисcер'),
(3, 4, 'Режисcер'),
(4, 5, 'Режисcер'),
(5, 6, 'Режисcер'),
(6, 7, 'Режисcер'),
(6, 92, 'Режисcер'),
(7, 8, 'Режисcер'),
(8, 9, 'Режисcер'),
(9, 10, 'Режисcер'),
(10, 11, 'Режисcер'),
(11, 12, 'Режисcер'),
(12, 13, 'Режисcер'),
(13, 14, 'Режисcер'),
(14, 15, 'Режисcер'),
(15, 16, 'Режисcер'),
(16, 17, 'Режисcер'),
(17, 18, 'Режисcер'),
(18, 19, 'Режисcер'),
(19, 9, 'Режисcер'),
(20, 12, 'Режисcер'),
(21, 20, 'Режисcер'),
(22, 21, 'Режисcер'),
(23, 9, 'Режисcер'),
(24, 22, 'Режисcер'),
(25, 23, 'Режисcер'),
(26, 24, 'Режисcер'),
(27, 25, 'Режисcер'),
(28, 26, 'Режисcер'),
(29, 27, 'Режисcер'),
(30, 28, 'Режисcер'),
(31, 17, 'Режисcер'),
(32, 29, 'Режисcер'),
(33, 30, 'Режисcер'),
(34, 31, 'Режисcер'),
(35, 93, 'Режисcер'),
(36, 32, 'Режисcер'),
(37, 33, 'Режисcер'),
(38, 34, 'Режисcер'),
(39, 27, 'Режисcер'),
(40, 35, 'Режисcер'),
(41, 92, 'Режисcер'),
(41, 7, 'Режисcер'),
(42, 36, 'Режисcер'),
(43, 37, 'Режисcер'),
(44, 39, 'Режисcер'),
(44, 38, 'Режисcер'),
(45, 40, 'Режисcер'),
(46, 41, 'Режисcер'),
(47, 42, 'Режисcер'),
(48, 43, 'Режисcер'),
(49, 44, 'Режисcер'),
(50, 45, 'Режисcер'),
(51, 46, 'Режисcер'),
(52, 47, 'Режисcер'),
(53, 48, 'Режисcер'),
(54, 49, 'Режисcер'),
(55, 50, 'Режисcер'),
(56, 51, 'Режисcер'),
(57, 31, 'Режисcер'),
(58, 52, 'Режисcер'),
(59, 53, 'Режисcер'),
(60, 54, 'Режисcер'),
(61, 55, 'Режисcер'),
(62, 56, 'Режисcер'),
(63, 57, 'Режисcер'),
(63, 58, 'Режисcер'),
(64, 59, 'Режисcер'),
(65, 60, 'Режисcер'),
(66, 61, 'Режисcер'),
(67, 62, 'Режисcер'),
(68, 63, 'Режисcер'),
(69, 64, 'Режисcер'),
(70, 65, 'Режисcер'),
(71, 66, 'Режисcер'),
(72, 67, 'Режисcер'),
(73, 68, 'Режисcер'),
(74, 69, 'Режисcер'),
(75, 70, 'Режисcер'),
(76, 71, 'Режисcер'),
(76, 72, 'Режисcер'),
(77, 73, 'Режисcер'),
(77, 74, 'Режисcер'),
(78, 75, 'Режисcер'),
(79, 76, 'Режисcер'),
(80, 77, 'Режисcер'),
(81, 78, 'Режисcер'),
(82, 8, 'Режисcер'),
(83, 79, 'Режисcер'),
(84, 80, 'Режисcер'),
(85, 81, 'Режисcер'),
(86, 82, 'Режисcер'),
(87, 83, 'Режисcер'),
(88, 84, 'Режисcер'),
(89, 85, 'Режисcер'),
(90, 86, 'Режисcер'),
(91, 87, 'Режисcер'),
(92, 88, 'Режисcер'),
(93, 94, 'Режисcер'),
(94, 89, 'Режисcер'),
(95, 90, 'Режисcер'),
(96, 91, 'Режисcер'),
(1, 92, 'Актер'),
(1, 93, 'Актер'),
(1, 94, 'Актер'),
(1, 95, 'Актер'),
(1, 96, 'Актер'),
(2, 97, 'Актер'),
(2, 98, 'Актер'),
(2, 99, 'Актер'),
(2, 100, 'Актер'),
(2, 101, 'Актер'),
(2, 102, 'Актер'),
(3, 103, 'Актер'),
(3, 104, 'Актер'),
(3, 105, 'Актер'),
(3, 106, 'Актер'),
(3, 107, 'Актер'),
(3, 108, 'Актер'),
(4, 109, 'Актер'),
(4, 110, 'Актер'),
(4, 111, 'Актер'),
(4, 112, 'Актер'),
(4, 113, 'Актер'),
(4, 114, 'Актер'),
(5, 109, 'Актер'),
(5, 110, 'Актер'),
(5, 111, 'Актер'),
(5, 112, 'Актер'),
(6, 114, 'Актер'),
(6, 117, 'Актер'),
(6, 118, 'Актер'),
(6, 119, 'Актер'),
(6, 120, 'Актер'),
(7, 121, 'Актер'),
(8, 122, 'Актер'),
(8, 123, 'Актер'),
(8, 124, 'Актер'),
(8, 125, 'Актер'),
(8, 126, 'Актер'),
(9, 127, 'Актер'),
(9, 128, 'Актер'),
(9, 129, 'Актер'),
(9, 130, 'Актер'),
(9, 131, 'Актер'),
(9, 132, 'Актер'),
(10, 133, 'Актер'),
(10, 134, 'Актер'),
(10, 135, 'Актер'),
(10, 136, 'Актер'),
(10, 137, 'Актер'),
(11, 138, 'Актер'),
(11, 139, 'Актер'),
(11, 104, 'Актер'),
(11, 140, 'Актер'),
(11, 141, 'Актер'),
(11, 142, 'Актер'),
(12, 143, 'Актер'),
(12, 92, 'Актер'),
(12, 144, 'Актер'),
(12, 145, 'Актер'),
(12, 146, 'Актер'),
(13, 147, 'Актер'),
(13, 148, 'Актер'),
(13, 149, 'Актер'),
(13, 150, 'Актер'),
(13, 151, 'Актер'),
(14, 152, 'Актер'),
(14, 153, 'Актер'),
(14, 154, 'Актер'),
(14, 155, 'Актер'),
(14, 156, 'Актер'),
(14, 157, 'Актер'),
(15, 158, 'Актер'),
(15, 159, 'Актер'),
(15, 160, 'Актер'),
(15, 161, 'Актер'),
(15, 162, 'Актер'),
(16, 163, 'Актер'),
(16, 164, 'Актер'),
(16, 165, 'Актер'),
(16, 166, 'Актер'),
(16, 167, 'Актер'),
(16, 168, 'Актер'),
(17, 114, 'Актер'),
(17, 169, 'Актер'),
(17, 170, 'Актер'),
(17, 171, 'Актер'),
(17, 172, 'Актер'),
(17, 173, 'Актер'),
(17, 174, 'Актер'),
(18, 175, 'Актер'),
(18, 176, 'Актер'),
(18, 177, 'Актер'),
(18, 178, 'Актер'),
(18, 179, 'Актер'),
(19, 180, 'Актер'),
(19, 181, 'Актер'),
(19, 182, 'Актер'),
(19, 183, 'Актер'),
(19, 184, 'Актер'),
(19, 124, 'Актер'),
(20, 185, 'Актер'),
(20, 186, 'Актер'),
(20, 187, 'Актер'),
(20, 188, 'Актер'),
(21, 189, 'Актер'),
(21, 190, 'Актер'),
(21, 191, 'Актер'),
(21, 192, 'Актер'),
(21, 193, 'Актер'),
(22, 194, 'Актер'),
(22, 195, 'Актер'),
(22, 196, 'Актер'),
(22, 197, 'Актер'),
(22, 198, 'Актер'),
(23, 199, 'Актер'),
(23, 181, 'Актер'),
(23, 200, 'Актер'),
(23, 201, 'Актер'),
(23, 202, 'Актер'),
(24, 203, 'Актер'),
(24, 204, 'Актер'),
(24, 205, 'Актер'),
(24, 114, 'Актер'),
(24, 206, 'Актер'),
(25, 207, 'Актер'),
(25, 208, 'Актер'),
(25, 209, 'Актер'),
(25, 210, 'Актер'),
(25, 211, 'Актер'),
(26, 212, 'Актер'),
(26, 213, 'Актер'),
(26, 214, 'Актер'),
(26, 215, 'Актер'),
(26, 216, 'Актер'),
(27, 217, 'Актер'),
(27, 135, 'Актер'),
(27, 218, 'Актер'),
(27, 219, 'Актер'),
(27, 133, 'Актер'),
(28, 220, 'Актер'),
(28, 221, 'Актер'),
(28, 222, 'Актер'),
(28, 223, 'Актер'),
(28, 224, 'Актер'),
(29, 114, 'Актер'),
(29, 224, 'Актер'),
(29, 225, 'Актер'),
(29, 226, 'Актер'),
(30, 227, 'Актер'),
(30, 228, 'Актер'),
(30, 229, 'Актер'),
(30, 230, 'Актер'),
(30, 231, 'Актер'),
(31, 232, 'Актер'),
(31, 233, 'Актер'),
(31, 234, 'Актер'),
(31, 235, 'Актер'),
(31, 236, 'Актер'),
(32, 237, 'Актер'),
(32, 238, 'Актер'),
(32, 239, 'Актер'),
(32, 240, 'Актер'),
(32, 241, 'Актер'),
(33, 242, 'Актер'),
(33, 243, 'Актер'),
(33, 244, 'Актер'),
(33, 30, 'Актер'),
(33, 196, 'Актер'),
(34, 245, 'Актер'),
(34, 246, 'Актер'),
(34, 247, 'Актер'),
(34, 248, 'Актер'),
(34, 249, 'Актер'),
(35, 250, 'Актер'),
(35, 93, 'Актер'),
(35, 251, 'Актер'),
(35, 252, 'Актер'),
(35, 253, 'Актер'),
(36, 92, 'Актер'),
(36, 254, 'Актер'),
(36, 255, 'Актер'),
(36, 256, 'Актер'),
(36, 257, 'Актер'),
(37, 404, 'Актер'),
(37, 258, 'Актер'),
(37, 259, 'Актер'),
(37, 260, 'Актер'),
(37, 261, 'Актер'),
(37, 262, 'Актер'),
(38, 309, 'Актер'),
(38, 263, 'Актер'),
(38, 226, 'Актер'),
(38, 182, 'Актер'),
(38, 264, 'Актер'),
(38, 258, 'Актер'),
(39, 225, 'Актер'),
(39, 265, 'Актер'),
(39, 266, 'Актер'),
(39, 267, 'Актер'),
(39, 268, 'Актер'),
(40, 268, 'Актер'),
(40, 269, 'Актер'),
(40, 270, 'Актер'),
(40, 271, 'Актер'),
(40, 272, 'Актер'),
(41, 273, 'Актер'),
(41, 274, 'Актер'),
(41, 275, 'Актер'),
(41, 276, 'Актер'),
(41, 277, 'Актер'),
(42, 278, 'Актер'),
(42, 118, 'Актер'),
(42, 279, 'Актер'),
(42, 280, 'Актер'),
(42, 281, 'Актер'),
(42, 282, 'Актер'),
(43, 283, 'Актер'),
(43, 284, 'Актер'),
(43, 285, 'Актер'),
(43, 196, 'Актер'),
(43, 276, 'Актер'),
(44, 286, 'Актер'),
(44, 287, 'Актер'),
(44, 288, 'Актер'),
(44, 289, 'Актер'),
(44, 290, 'Актер'),
(45, 291, 'Актер'),
(45, 292, 'Актер'),
(45, 293, 'Актер'),
(45, 294, 'Актер'),
(45, 295, 'Актер'),
(46, 296, 'Актер'),
(46, 252, 'Актер'),
(46, 297, 'Актер'),
(46, 298, 'Актер'),
(46, 299, 'Актер'),
(47, 169, 'Актер'),
(47, 42, 'Актер'),
(47, 240, 'Актер'),
(47, 300, 'Актер'),
(47, 301, 'Актер'),
(48, 302, 'Актер'),
(48, 303, 'Актер'),
(48, 304, 'Актер'),
(48, 305, 'Актер'),
(48, 306, 'Актер'),
(49, 123, 'Актер'),
(49, 296, 'Актер'),
(49, 264, 'Актер'),
(49, 109, 'Актер'),
(50, 307, 'Актер'),
(50, 308, 'Актер'),
(50, 309, 'Актер'),
(50, 45, 'Актер'),
(50, 310, 'Актер'),
(51, 311, 'Актер'),
(51, 312, 'Актер'),
(51, 313, 'Актер'),
(51, 314, 'Актер'),
(52, 315, 'Актер'),
(52, 316, 'Актер'),
(52, 317, 'Актер'),
(52, 318, 'Актер'),
(53, 48, 'Актер'),
(53, 319, 'Актер'),
(53, 184, 'Актер'),
(53, 320, 'Актер'),
(53, 321, 'Актер'),
(53, 322, 'Актер'),
(53, 323, 'Актер'),
(54, 324, 'Актер'),
(54, 325, 'Актер'),
(54, 326, 'Актер'),
(54, 327, 'Актер'),
(54, 328, 'Актер'),
(54, 329, 'Актер'),
(55, 330, 'Актер'),
(55, 331, 'Актер'),
(55, 332, 'Актер'),
(55, 333, 'Актер'),
(56, 334, 'Актер'),
(56, 335, 'Актер'),
(56, 336, 'Актер'),
(56, 337, 'Актер'),
(57, 338, 'Актер'),
(57, 338, 'Актер'),
(57, 338, 'Актер'),
(57, 338, 'Актер'),
(57, 338, 'Актер'),
(58, 343, 'Актер'),
(58, 344, 'Актер'),
(58, 345, 'Актер'),
(58, 346, 'Актер'),
(58, 347, 'Актер'),
(59, 348, 'Актер'),
(59, 349, 'Актер'),
(59, 350, 'Актер'),
(59, 351, 'Актер'),
(59, 352, 'Актер'),
(60, 353, 'Актер'),
(60, 354, 'Актер'),
(60, 355, 'Актер'),
(60, 356, 'Актер'),
(60, 357, 'Актер'),
(61, 358, 'Актер'),
(61, 359, 'Актер'),
(61, 361, 'Актер'),
(61, 362, 'Актер'),
(61, 363, 'Актер'),
(61, 364, 'Актер'),
(62, 364, 'Актер'),
(62, 365, 'Актер'),
(62, 366, 'Актер'),
(62, 367, 'Актер'),
(62, 368, 'Актер'),
(63, 369, 'Актер'),
(63, 370, 'Актер'),
(63, 371, 'Актер'),
(63, 372, 'Актер'),
(63, 373, 'Актер'),
(63, 374, 'Актер'),
(64, 375, 'Актер'),
(64, 376, 'Актер'),
(64, 377, 'Актер'),
(64, 378, 'Актер'),
(64, 379, 'Актер'),
(64, 380, 'Актер'),
(65, 381, 'Актер'),
(65, 382, 'Актер'),
(65, 383, 'Актер'),
(65, 384, 'Актер'),
(66, 385, 'Актер'),
(66, 386, 'Актер'),
(66, 387, 'Актер'),
(66, 388, 'Актер'),
(67, 389, 'Актер'),
(67, 390, 'Актер'),
(67, 391, 'Актер'),
(67, 392, 'Актер'),
(68, 393, 'Актер'),
(68, 394, 'Актер'),
(68, 395, 'Актер'),
(68, 396, 'Актер'),
(69, 397, 'Актер'),
(69, 398, 'Актер'),
(69, 399, 'Актер'),
(69, 400, 'Актер'),
(69, 401, 'Актер'),
(70, 402, 'Актер'),
(70, 403, 'Актер'),
(70, 404, 'Актер'),
(70, 405, 'Актер'),
(70, 406, 'Актер'),
(71, 109, 'Актер'),
(71, 407, 'Актер'),
(71, 283, 'Актер'),
(71, 408, 'Актер'),
(72, 296, 'Актер'),
(72, 317, 'Актер'),
(72, 409, 'Актер'),
(72, 410, 'Актер'),
(73, 411, 'Актер'),
(73, 412, 'Актер'),
(73, 413, 'Актер'),
(73, 414, 'Актер'),
(74, 415, 'Актер'),
(74, 415, 'Актер'),
(74, 415, 'Актер'),
(74, 415, 'Актер'),
(74, 415, 'Актер'),
(75, 420, 'Актер'),
(75, 421, 'Актер'),
(75, 422, 'Актер'),
(75, 423, 'Актер'),
(75, 424, 'Актер'),
(76, 425, 'Актер'),
(76, 426, 'Актер'),
(76, 427, 'Актер'),
(76, 428, 'Актер'),
(77, 429, 'Актер'),
(77, 430, 'Актер'),
(77, 431, 'Актер'),
(77, 432, 'Актер'),
(78, 433, 'Актер'),
(78, 434, 'Актер'),
(78, 435, 'Актер'),
(78, 436, 'Актер'),
(79, 437, 'Актер'),
(79, 438, 'Актер'),
(79, 439, 'Актер'),
(79, 348, 'Актер'),
(79, 440, 'Актер'),
(80, 441, 'Актер'),
(80, 442, 'Актер'),
(80, 443, 'Актер'),
(80, 102, 'Актер'),
(80, 444, 'Актер'),
(81, 20, 'Актер'),
(81, 20, 'Актер'),
(81, 20, 'Актер'),
(81, 20, 'Актер'),
(81, 20, 'Актер'),
(82, 121, 'Актер'),
(83, 121, 'Актер'),
(84, 336, 'Актер'),
(84, 80, 'Актер'),
(84, 451, 'Актер'),
(84, 452, 'Актер'),
(85, 453, 'Актер'),
(85, 454, 'Актер'),
(85, 455, 'Актер'),
(85, 456, 'Актер'),
(85, 457, 'Актер'),
(86, 458, 'Актер'),
(86, 459, 'Актер'),
(86, 460, 'Актер'),
(86, 461, 'Актер'),
(87, 462, 'Актер'),
(87, 463, 'Актер'),
(87, 464, 'Актер'),
(87, 465, 'Актер'),
(88, 121, 'Актер'),
(89, 134, 'Актер'),
(89, 466, 'Актер'),
(89, 467, 'Актер'),
(89, 468, 'Актер'),
(89, 469, 'Актер'),
(90, 470, 'Актер'),
(90, 471, 'Актер'),
(90, 472, 'Актер'),
(90, 473, 'Актер'),
(91, 474, 'Актер'),
(91, 475, 'Актер'),
(92, 476, 'Актер'),
(92, 476, 'Актер'),
(93, 478, 'Актер'),
(93, 479, 'Актер'),
(93, 480, 'Актер'),
(93, 481, 'Актер'),
(94, 482, 'Актер'),
(94, 483, 'Актер'),
(94, 484, 'Актер'),
(94, 485, 'Актер'),
(94, 486, 'Актер'),
(95, 104, 'Актер'),
(95, 487, 'Актер'),
(95, 488, 'Актер'),
(95, 489, 'Актер'),
(96, 490, 'Актер'),
(96, 491, 'Актер'),
(96, 492, 'Актер'),
(96, 493, 'Актер');

--
-- Индексы сохранённых таблиц
--

--
-- Индексы таблицы `countries_films`
--
ALTER TABLE `countries_films`
  ADD KEY `id_country` (`id_country`),
  ADD KEY `id_films` (`id_films`);

--
-- Индексы таблицы `country`
--
ALTER TABLE `country`
  ADD PRIMARY KEY (`id`),
  ADD UNIQUE KEY `name` (`name`);

--
-- Индексы таблицы `films`
--
ALTER TABLE `films`
  ADD PRIMARY KEY (`id`);

--
-- Индексы таблицы `genres`
--
ALTER TABLE `genres`
  ADD PRIMARY KEY (`id`);

--
-- Индексы таблицы `genres_films`
--
ALTER TABLE `genres_films`
  ADD KEY `id_films` (`id_films`),
  ADD KEY `id_genres` (`id_genres`);

--
-- Индексы таблицы `people`
--
ALTER TABLE `people`
  ADD PRIMARY KEY (`id`),
  ADD UNIQUE KEY `name` (`name`);

--
-- Индексы таблицы `people_films_role`
--
ALTER TABLE `people_films_role`
  ADD KEY `id_films` (`id_films`),
  ADD KEY `id_people` (`id_people`);

--
-- AUTO_INCREMENT для сохранённых таблиц
--

--
-- AUTO_INCREMENT для таблицы `films`
--
ALTER TABLE `films`
  MODIFY `id` int(11) NOT NULL AUTO_INCREMENT, AUTO_INCREMENT=97;

--
-- AUTO_INCREMENT для таблицы `people`
--
ALTER TABLE `people`
  MODIFY `id` int(11) NOT NULL AUTO_INCREMENT, AUTO_INCREMENT=494;

--
-- Ограничения внешнего ключа сохраненных таблиц
--

--
-- Ограничения внешнего ключа таблицы `countries_films`
--
ALTER TABLE `countries_films`
  ADD CONSTRAINT `countries_films_ibfk_1` FOREIGN KEY (`id_films`) REFERENCES `films` (`id`),
  ADD CONSTRAINT `countries_films_ibfk_2` FOREIGN KEY (`id_country`) REFERENCES `country` (`id`);

--
-- Ограничения внешнего ключа таблицы `genres_films`
--
ALTER TABLE `genres_films`
  ADD CONSTRAINT `genres_films_ibfk_1` FOREIGN KEY (`id_films`) REFERENCES `films` (`id`),
  ADD CONSTRAINT `genres_films_ibfk_2` FOREIGN KEY (`id_genres`) REFERENCES `genres` (`id`);

--
-- Ограничения внешнего ключа таблицы `people_films_role`
--
ALTER TABLE `people_films_role`
  ADD CONSTRAINT `people_films_role_ibfk_1` FOREIGN KEY (`id_films`) REFERENCES `films` (`id`),
  ADD CONSTRAINT `people_films_role_ibfk_2` FOREIGN KEY (`id_people`) REFERENCES `people` (`id`);
COMMIT;

/*!40101 SET CHARACTER_SET_CLIENT=@OLD_CHARACTER_SET_CLIENT */;
/*!40101 SET CHARACTER_SET_RESULTS=@OLD_CHARACTER_SET_RESULTS */;
/*!40101 SET COLLATION_CONNECTION=@OLD_COLLATION_CONNECTION */;
