-- phpMyAdmin SQL Dump
-- version 4.8.3
-- https://www.phpmyadmin.net/
--
-- Хост: 127.0.0.1:3306
-- Время создания: Фев 17 2019 г., 12:09
-- Версия сервера: 5.6.41-log
-- Версия PHP: 5.5.38

SET SQL_MODE = "NO_AUTO_VALUE_ON_ZERO";
SET AUTOCOMMIT = 0;
START TRANSACTION;
SET time_zone = "+00:00";


/*!40101 SET @OLD_CHARACTER_SET_CLIENT=@@CHARACTER_SET_CLIENT */;
/*!40101 SET @OLD_CHARACTER_SET_RESULTS=@@CHARACTER_SET_RESULTS */;
/*!40101 SET @OLD_COLLATION_CONNECTION=@@COLLATION_CONNECTION */;
/*!40101 SET NAMES utf8mb4 */;

--
-- База данных: `book_shop`
--

-- --------------------------------------------------------

--
-- Структура таблицы `authors`
--

CREATE TABLE `authors` (
  `author_id` int(8) NOT NULL,
  `author_name` varchar(30) DEFAULT NULL
) ENGINE=InnoDB DEFAULT CHARSET=utf8;

--
-- Дамп данных таблицы `authors`
--

INSERT INTO `authors` (`author_id`, `author_name`) VALUES
(1, 'Брюс Эккель'),
(2, 'Герберт Шилдт'),
(3, 'Джеймс Гослинг'),
(4, 'Кен Арнольд'),
(5, 'Яков Файн'),
(6, 'Джошуа Блох'),
(7, 'Патрик Нимейер'),
(8, 'Дэниэл Леук'),
(9, 'Алексей Васильев'),
(10, 'Ньюмен С.'),
(11, 'Сонмез Д.'),
(12, 'Ken Kousen'),
(13, 'Мартин Фаулер'),
(14, 'Фримен Э'),
(15, 'Робсон Э.'),
(16, 'Эккель Брюс'),
(17, 'Молинаро Э.'),
(18, 'Бьярне Стауструп'),
(19, 'Герберт Шилдт'),
(20, 'Стивен Прата'),
(21, 'Алан Бьюли'),
(22, 'Крис Фиайли'),
(23, 'Энтони Молинаро'),
(24, 'Алекс Кригель'),
(25, 'А. Ю. Васильев'),
(26, 'Бен Форта'),
(27, 'Энтони Молинаро'),
(28, 'Стефан Фаро'),
(29, 'Паскаль Лерми'),
(30, 'Майк Гандерлой'),
(31, 'Билл Карвин'),
(32, 'Eric Matthes'),
(33, 'Paul Barry'),
(34, 'Al Sweigart'),
(35, 'Allen B. Downey'),
(36, 'Anthony Scopatz'),
(37, 'Kathryn Huff'),
(38, 'Jason Briggs'),
(39, 'Bryson Payne'),
(40, 'Dan Bader'),
(41, 'Luciano Ramalho'),
(42, 'Brett Slatkin'),
(43, 'Марк Лутц'),
(44, 'Билл Любанович'),
(45, 'Вестра Э.'),
(46, 'Андреас Мюллер'),
(47, 'Сара Гвидо'),
(48, 'Ноа Гифт'),
(49, 'Джереми М. Джонс'),
(50, 'Р. Митчелл'),
(51, 'Ян Эрик Солем'),
(52, 'А. Хейлсберг'),
(53, 'Д. Албахари'),
(54, 'А. Стиллмен'),
(55, 'Г. Шилдт'),
(56, 'Дж. Шарп'),
(57, 'Дж. Коннер'),
(58, 'Н. Культин'),
(59, 'Харольд Абельсон'),
(60, 'Джеральд Сассман'),
(61, 'John Gallagher'),
(62, 'Aaron Hillegass'),
(63, 'Christian Keur'),
(64, 'Matthijs Hollemans'),
(65, 'Anthony Gray'),
(66, 'Paul Hudson'),
(67, 'Neil Smyth'),
(68, 'Erica Sadun'),
(69, 'Donald Yactman'),
(70, 'Eric Buck'),
(71, 'Craig Hockenberry'),
(72, 'Keir Thomas'),
(73, 'Christopher Kelty'),
(74, 'Scott Morris'),
(75, 'Karl Fogel'),
(76, 'Machtelt Garrels'),
(77, 'Keith Curtis '),
(78, 'Eric S. Raymond'),
(79, 'Peter Wayner'),
(80, 'Carey Bunks'),
(81, 'James Mohr'),
(82, 'Allesandro Rubini'),
(83, 'Greg Kroah-Hartman'),
(84, 'Jonathan Corbet'),
(85, 'Paul Sheer'),
(86, 'Olaf Kirch'),
(87, 'Terry Dawson'),
(88, 'Jean Jordaan'),
(89, 'Фонд Шаттлворта');

-- --------------------------------------------------------

--
-- Структура таблицы `books`
--

CREATE TABLE `books` (
  `book_id` int(11) NOT NULL,
  `book_name` varchar(80) DEFAULT NULL,
  `pages` int(11) DEFAULT NULL,
  `publish_id` int(11) DEFAULT NULL,
  `year` int(4) NOT NULL,
  `description` text NOT NULL,
  `status` tinyint(1) NOT NULL DEFAULT '1',
  `img` varchar(11) DEFAULT NULL,
  `lang` varchar(2) NOT NULL DEFAULT 'ru',
  `price` int(4) DEFAULT NULL
) ENGINE=InnoDB DEFAULT CHARSET=utf8;

--
-- Дамп данных таблицы `books`
--

INSERT INTO `books` (`book_id`, `book_name`, `pages`, `publish_id`, `year`, `description`, `status`, `img`, `lang`, `price`) VALUES
(1, 'Совершенный код', 600, 1, 2017, 'Если ваш код работает, это ещё\r\nне значит, что его можно\r\nназвать хорошим. Эта книга по программированию\r\nрасскажет вам\r\nне только о том, как писать хороший код, но и как превратить\r\n\r\n плохой код в хороший. С её помощью вы сможете понять, почему\r\n  такие мелочи,\r\n  как правильное название переменных, — вовсе\r\n  даже не мелочи, а важные пункты\r\n  на пути к осознанию того,\r\n  как писать «чистый код', 1, '1.jpg', 'ru', 57),
(2, 'Чистый код', 600, 2, 2016, 'Если ваш код работает, это ещё не значит,\r\n  что его можно назвать\r\nхорошим. Эта книга по программированию расскажет вам\r\n  не только о\r\nтом, как писать хороший код, но и как превратить плохой код\r\n  в\r\nхороший. С её помощью вы сможете понять, почему такие мелочи,\r\nкак\r\n  правильное название переменных, — вовсе даже не мелочи, а\r\n важные пункты\r\n  на пути к осознанию того, как писать «чистый код».', 1, '2.jpg', 'ru', 63),
(3, 'Язык программирования С', 400, 3, 2008, 'Книга по программированию от\r\n  авторов языка C. В\r\nсвоё время она стала своеобразным классическим учебником\r\n  по\r\n языку С и до сих пор является классикой для всех изучающих\r\n  и/или\r\n  использующих как С, так и С++.\r\nНа текущий момент книга переиздана уже в\r\n  третий раз с\r\n учётом всех поправок и изменений в терминологии за\r\n\r\n  прошедшее время.', 1, '3.jpg', 'ru', 34),
(4, 'Java Эффективное программирование', 300, 4, 2016, 'Здесь есть 57\r\n  ценных правил, которые помогут понять, как именно\r\nнужно работать с\r\n  языком Java, чтобы получить надежный, эффективный\r\nи понятный всем\r\n  программный код. Каждое из приведенных правил\r\nпредставлено в форме\r\n  короткого эссе, в которое включены описание\r\nпроблемы,\r\nкод (пример),\r\n   а также случаи из личного опыта автора.', 1, '4.jpg', 'ru', 24),
(5, 'Изучаем Java', 600, 5, 2016, 'Эта книга подойдёт для тех, кому\r\n  наскучили обыкновенные абзацы с\r\nтекстом. Данная книга предоставляет\r\n  информацию читателю в визуальном\r\nформате. Во время её прочтения вам\r\n  будет казаться, что её для вас\r\nнаписал ваш друг, а не какой-то учёный,\r\n  который использует кучу\r\nнепонятных слов.\r\nВ книге приведена вся нужная\r\n  теория, которая также подкрепляется\r\nпрактическими примерами и тестами.', 1, '5.jpg', 'ru', 34),
(6, 'Язык программирования\r\nC++. Базовый курс', 300, 6, 2017, 'Это\r\n  популярное введение в стандарт C++ было полностью обновлено,\r\nреорганизовано\r\n  и переписано, чтобы помочь программистам быстрее\r\nизучить язык и использовать\r\n   его более современным, эффективным\r\nспособом. Со времён последнего издания\r\n    подход авторов к обучению\r\nязыку развивался вместе с языком. Теперь книга\r\n    предоставляет\r\nчитателям средства для написания полезных программ\r\n    без\r\nпредварительной обработки каждой детали языка.', 1, '6.jpg', 'ru', 25),
(7, 'Алгоритмы: построение и анализ', 400, 7, 2017, 'Эта книга является\r\n  вводным курсом по современным компьютерным\r\nалгоритмам. В ней описано\r\n   множество действительно работающих\r\nалгоритмов на доступном уровне для\r\n   основной массы интересующихся\r\n читателей. Авторы постарались сделать\r\n   пояснения к каждому, даже\r\n  довольно сложному, алгоритму максимально\r\n   доступными для читателя.', 1, '7.jpg', 'ru', 75),
(8, 'Программист-прагматик', 500, 8, 2016, 'Путь от подмастерья к мастеру»\r\n  \r\nСегодня очень многие книги по программированию не пытаются\r\nдонести\r\n  основы становления не просто «кодером», а программистом\r\nболее высокого\r\n   уровня. Они рассказывают про синтаксис или технологии,\r\n в то время как\r\n    с помощью этой книги вы сможете понять, что на\r\n самом деле основная сила\r\n     любой хорошей команды — это наличие\r\n способных программистов, которые\r\n     действительно знают своё дело.', 1, '8.jpg', 'ru', 58),
(9, 'Структура и Интерпретация Компьютерных П', 400, 9, 2017, ' Эта книга\r\n  является переводом очень популярного в своё время учебника,\r\n который\r\n  преподносит программирование, начиная с азов, и заканчивая довольно\r\n\r\n  непростыми темами. Прежде всего автор этого учебника направляет читателя\r\n\r\n  на оттачивание навыков создания алгоритмов, поэтому книга не затрагивает\r\n\r\n  конкретных приемов в конкретных языках программирования. Именно по этой\r\n\r\n  причине для примеров в книге автор обратился к очень простому, но при\r\n\r\n  этом мощному языку Scheme', 1, '9.jpg', 'ru', 96),
(10, 'Искусство программирования', 400, 10, 2017, '\r\nИскусство\r\n  программирования — это всеобъемлющая монография,\r\nнаписанная Дональдом\r\n  Кнутом, которая охватывает многие виды\r\nалгоритмов программирования\r\n  и их анализ. Проект изначально\r\nпланировался как единая книга. В итоге\r\n  перед нами 4 тома,\r\nкоторые были признаны одной из двенадцати\r\nлучших\r\n   физико-математических монографий столетия.', 1, '10.jpg', 'ru', 69),
(11, 'Философия Java', 350, 11, 2017, 'Отличное руководство по программированию на Java, между прочим, считающееся\r\nодним из лучших. С этой книги, по мнению многочисленного сообщества, и следует\r\nначинать изучение Java. Книга одинаково полезна новичкам, так и тем, кто уже\r\nпишет код на Java. К книге обращаются за уточнениями во время написания кода.\r\nАвтор отвечает на вопросы о Java: как, что и почему (почему Java создан именно\r\n   таким, почему Java работает так, а не иначе и т.д.). По этой книге желающие\r\n    даже готовятся к экзамену SCJP (Sun Certified Java Programmer),\r\n    Java-экзамен начального уровня. Программисты утверждают, что читать книгу\r\n    лучше в оригинале. Разберетесь с Java, а заодно и прокачаете English skills.', 1, '11.jpg', 'ru', 86),
(12, 'Java 8 Руководство для начинающих', 350, 12, 2016, 'Книга всемирно известного автора позволит студентам приступить к созданию\r\nпроектов на Java. В самом начале книги автор уделяет внимание основам\r\nпрограммирования и правилам создания, компилирования и выполнения программ\r\nна Java. Подробно рассматривает и объясняет составляющие элементы ядра Java.\r\n В книге также рассматриваются очень сложные темы: многопоточное программирование,\r\n  библиотека Swing, обобщенные типы.', 1, '12.jpg', 'ru', 46),
(13, 'Язык программирования Java', 480, 13, 2008, 'Как думаете насколько полезна книга о Java, автором которой является один из\r\nразработчиков этого языка программирования? Книга может быть учебников и\r\nсправочником по Java, в зависимости от того как ее читать. В работе собраны\r\nупражнения для практики, которые позволят быстро понять специфику\r\nпрограммирования. Текст книги написан понятным языком, поэтому обучение\r\nпрограммированию на Java легко можно начинать с этой книги.', 1, '13.jpg', 'ru', 35),
(14, 'Программирование на Java для детей, роди', 300, 14, 2016, 'Эта книга написана самым простым  языком для младшего сына Java-чемпиона Дейва.\r\nОднажды ребенок попросил отца научить его программированию, чтобы он смог сам\r\nсоздавать компьютерные игры. Книга предназначалась для детей старше 11 лет, их\r\nродителей и абсолютных новичков в программировании. Чтобы получить максимум от\r\nкниги, читайте ее от начала и до конца, тем более, что автор обещает, что в\r\nходе обучения вместе с читателями создаст программу-калькулятор, игру в\r\n крестики-нолики и пинг-понг.', 1, '14.jpg', 'ru', 35),
(15, 'Эффективное программирование', 350, 15, 2016, 'Невероятно полезная книга, которая написана программистом и получила признание\r\nв профессиональной среде. Джошуа научит каждого читателя писать код на Java\r\n лучше и поделится своими советами. Его книга является доступной практической\r\n инструкцией для создания программ, которые невозможно или трудно написать на\r\n других языках.', 1, '15.jpg', 'ru', 35),
(16, 'Программирование на Java', 300, 16, 2017, 'Исчерпывающее руководство по Java в подробностях для студентов, начинающих\r\nпрограммистов и финских хакеров. Одно только содержание в этой книге занимает\r\nнесколько страниц. Для новичка книга будет помощником в изучение Java, а\r\nпрограммисту со стажем она поможет разобраться в тонкостях программирования\r\nна Java.', 1, '16.jpg', 'ru', 76),
(17, 'Java. Объектно-ориентированное программи', 480, 1, 2017, 'Книги по Java были написаны в результате чтения лекций и проведения серий\r\nмастер-классов по программированию. Эта книга интересна тем, что была написана\r\nв результате проведения цикла лекций для студентов Киевского национального\r\nуниверситета и Киевской политехники. Книга адаптирована для всех желающих\r\nвыучить Java. Ее можно использовать в качестве самоучителя. Материала достаточно,\r\nчтобы начать писать простые программы после проработки первой части учебника.', 1, '17.jpg', 'ru', 43),
(18, 'Java 8 in Action', 500, 2, 2016, 'Учебник по программированию на Java 8. Это одна из книг, которые я читаю, ещё\r\nначиная с 2016. Я читал её весь 2017 год при изучении возможностей JDK 8.\r\nЕсли вы её ещё не читали или только собираетесь заняться JDK 8, самое время\r\nвзять её в руки.', 1, '18.jpg', 'ru', 46),
(19, 'Clean Architecture', 480, 3, 2017, '(Мартин Р.\"Чистая архитектура. Искусство разработки программного обеспечения\"\r\n)Отличная книга, обнаруженная мной в 2017 году. Я настоящий фанат книг дядюшки\r\nБоба и уже прочитал Clean Code (\"Чистый код\") и The Clean Coder (\"Идеальный\r\n  программист\"), посвященные правильному построению архитектуры. Если вы\r\n   хотите разобраться в достоинствах и недостатках различных архитектур\r\n   программного обеспечения – эта книга для вас.', 1, '19.jpg', 'ru', 24),
(20, 'Grokking Algorithms', 480, 4, 2017, ' (Бхаргава А. \"Грокаем алгоритмы\")\r\nЕще одна прекрасная книга, прочитанная мной в 2017, и вероятно, лучшая книга\r\n2017 года. Хотя она охватывает лишь небольшое число алгоритмов и структур\r\nданных, всё охваченное – исключительно интересно и полезно. Этот учебник\r\n по программированию алгоритмов соотносит старые понятия с современными\r\n  примерами, вдыхая в них новую жизнь, например, описывая, как Facebook\r\n   хранит данные о пользователях.\r\nЕсли коротко, это книга, которую просто обязан прочитать любой начинающий\r\nизучать алгоритмы в 2018 году.', 1, '20.png', 'ru', 64),
(21, 'Создание микросервисов', 350, 5, 2017, 'Все вокруг только и говорят о микросервисах, но что это такое? Каково главное\r\nпреимущество архитектуры микросервисов над монолитной? Эта книга отвечает на\r\nвсе эти вопросы. Я ещё не закончил её чтение, так что собираюсь читать её и\r\nв 2018.', 1, '21.jpg', 'ru', 54),
(22, 'Путь программиста', 350, 6, 2016, 'Это не самоучитель по программированию, это самоучитель «Как быть\r\nпрограммистом, чтобы тебя не ненавидели другие люди». Многие разработчики\r\nигнорируют так называемые \"навыки межличностного общения\" (soft skills),\r\nнапример, написание сообщений электронной почты, акцент на карьерном росте\r\nи самосовершенствовании. Джон Сонмез написал прекрасную книгу, и если вы\r\nчувствуете, что ваша карьера застопорилась, и хотели бы её подтолкнуть в\r\n2018 году, прочитайте её обязательно.', 1, '22.jpg', 'ru', 45),
(23, 'Проектирование баз данных для простых смертных', 480, 7, 2018, 'Старый добрый учебник по программированию, а точнее — проектированию баз\r\nданных. Я люблю находить хорошие старые книги, не потерявшие актуальности,\r\nи это одна из них. Это все ещё отличная отправная точка для тех, кто хочет\r\nизучить проектирование баз данных или перевести на новый уровень свои\r\nнавыки их моделирования.', 1, '23.jpg', 'ru', 54),
(24, 'Groovy для Java', 300, 8, 2017, ' В 2017 году мне довелось немного поработать с языком программирования Groovy\r\n и это была первая прочитанная мной о нём книга. Если вы решите в 2018 году\r\n  выучить Groovy, то она обеспечивает отличную базу знаний с точки зрения\r\n  Java-программиста. В ней приведено ровно столько подробностей, сколько\r\n  нужно для использования всех его преимуществ – и ничего лишнего и\r\n  непонятного для новичков.\r\n', 1, '24.jpg', 'ru', 65),
(25, 'TCP/IP в картинках', 350, 9, 2016, ' Одна из наименее понравившихся мне книг, но все же очень полезная. Я ещё\r\n не дочитал её, но если вам нужны все подробности о TCP/IP – её имеет\r\n смысл почитать.', 1, '25.jpg', 'ru', 35),
(26, 'UML. Основы. 3-е издание', 300, 10, 2017, ' В 2017 мне пришлось нарисовать несколько UML-схем, и чтобы освежить свои\r\n  познания в UML я выбрал именно эту книгу. Пригодится она вам и для изучения\r\n  UML в 2018-м.', 1, '26.jpg', 'ru', 53),
(27, 'Советы по Hibernate', 480, 11, 2017, 'Одна из самых полезных книг по Java 2017 года, написанная известным блоггером\r\nТорбеном Янссеном (Thorben Janssen). В книге приведено 70 практических\r\nсоветов по Hibernate. Если вы используете Hibernate, эти советы помогут\r\nзаполнить пробелы в ваших знаниях, да и если вы решите изучать Hibernate\r\nв 2018 году, с этой книгой ваша учеба приобретет новое измерение.', 1, '27.png', 'ru', 75),
(28, 'Искусство разработки на Agile', 500, 12, 2016, 'Я использую Agile уже довольно давно, но по-прежнему читаю иногда книги\r\nпо нему, чтобы освежить знания и выучить что-то новое. Эта книга оказалась\r\nотличным руководством по Agile, даже использующие его регулярно смогут\r\nпочерпнуть отсюда что-нибудь.', 1, '28.jpg', 'ru', 75),
(29, 'Основы Scrum', 480, 13, 2017, 'Я играл роль скрам-мастера (Scrum Master) в 2017 году и для подготовки читал\r\nименно эту книгу. Scrum отлично работает для небольших, локальных команд\r\nразработчиков, но если пытаться управлять большой командой, разбросанной\r\nпо всему миру, удаленно, то что-нибудь быстро может пойти не так.\r\nВ этой книге описаны все утилиты и даны все инструкции, необходимые для\r\nорганизации скрам-совещаний (Scrum meetings) – все что нужно, чтобы стать\r\nскрам-мастером. Если вы хотели бы в 2018 году стать скрам-мастером\r\n– прочитайте её. Можете также прослушать какие-либо из онлайн-курсов\r\nпо Scrum и Agile, для чего рекомендую вам заглянуть в Scrum Fundamentals\r\nна сайте Pluralsight.\r\n', 1, '29.jpg', 'ru', 53),
(30, 'Справочник по производительности Java', 480, 14, 2017, 'Я прочитал несколько книг по тонкой настройке производительности Java в\r\n2016 году и ранее, например, The Definitive Guide to Java Performance\r\n(Исчерпывающее руководство по производительности Java), так что многого\r\nот неё я не ожидал. Единственной моей целью было разобраться со сборщиком\r\nмусора (garbage collector) G1, о котором я оттуда узнал. Эта книга\r\n– отличный отправной пункт для тех, кто хотел бы в 2018-м сосредоточить\r\nсвои усилия на тонкой настройке производительности Java.', 1, '30.jpg', 'ru', 52),
(31, 'Высокопроизводительное хранение данных в Java', 350, 15, 2017, 'Ещё одна книга, оставшаяся с 2016 года, которую я дочитал в 2017.\r\nИ ещё одна прекрасная книга по Hibernate с упором на производительность.\r\nЕсли вы собрались всерьез узнать больше о Hibernate в 2018, рекомендую\r\nвам прочитать как книгу из п.11, так и эту.', 1, '31.jpg', 'ru', 32),
(32, 'Функциональное программирование на Scala', 350, 16, 2016, 'Я пытался разобраться с языком Scala в 2017 году, но без особых успехов.\r\nЯ прочитал пару книг по нему, но у меня было недостаточно практики для\r\nнастоящего изучения. В частности, потому что я не использую его в своих\r\nпроектах и у меня есть более важные вещи, которым стоит уделить внимание.\r\nВ любом случае, если вы решите заняться функциональным программированием\r\nи языком Scala в 2018 – загляните в эту книгу. Возможно, я перечитаю\r\nеё в 2018 году, если будет время.', 1, '32.jpg', 'ru', 42),
(33, 'Scala для нетерпеливых', 480, 1, 2008, 'Еще одна прочитанная мной в 2017 книга по языку Scala. Я обожаю стиль\r\nКея С. Хортсманна и прочитал несколько его книг, в частности, Core\r\nJava Part 1 and II (Java. Библиотека профессионала) и Java SE 8 for\r\nthe Really Impatient (Java SE 8 базовый курс). Это книга в подобном\r\nже стиле, посвященная языку Scala. Это неплохое начальное руководство\r\nдля тех, кто собирается учить Scala в 2018.', 1, '33.jpg', 'ru', 64),
(34, 'Изучаем программирование на JavaScript', 300, 2, 2016, 'Я уже говорил, что JavaScript – язык программирования №1 на сегодня,\r\nтак что если вы его не знаете – вы многое потеряли. Эта книга обязательна\r\nк прочтению для всех веб-разработчиков и изучающих такие фреймворки,\r\nкак Angular, React и jQuery. Если вам еще только предстоит изучить\r\nJavaScript – нет лучше книги, чем Head First JavaScript. Обязательна\r\nк прочтению для всех, кто решил в 2018 выучить JavaScript.', 1, '34.jpg', 'ru', 34),
(35, 'SQL. Сборник рецептов', 350, 3, 2017, 'SQL – моя любимая технология, я всегда с удовольствием нахожу интересные\r\nкниги по SQL. Эту книгу я нашел в 2017 и рад поделиться ею с вами.\r\nЭта книга ориентирована на практику, в ней приводится множество отличных\r\nсоветов по использованию SQL в различных базах данных. Прочитайте её в\r\n2018, если хотите поднять свои навыки SQL на новый уровень. Можете также\r\nвоспользоваться этими веб-сайтами по изучению SQL-запросов для дальнейшего\r\nсовершенствования своих познаний в SQL.', 1, '35.jpg', 'ru', 64),
(36, 'Fundamentals of Programming C++', 300, 4, 2017, 'Книга содержит огромное количество материала по C++ и явно стремится осветить\r\nвсе основные аспекты языка. В ней вы найдете информацию как про базовые\r\nэлементы C++, так и про использование библиотеки STL. Автор постоянно\r\nобновляет книгу, благодаря чему в ней представлена актуальная версия\r\nязыка. Множество примеров, как кода, так и работы программы, позволят\r\nболее эффективно освоить пройденный материал.', 1, '36.png', 'ru', 54),
(37, 'C++ Annotations', 480, 5, 2017, 'Книга рассчитана в первую очередь на тех, что уже знает язык Си или\r\nСи-подобный язык, например, Java. Поэтому она не рассказывает об общих\r\nмоментах, которые одинаковы или, по крайней мере, очень похожи в таких\r\nязыках, а сразу преподносит материал, присущий только языку C++. Поэтому\r\nесли вы изучаете или уже изучили Си или Java, то эта книга станет вашим\r\nподспорьем в изучении C++. А если нет, то предлагаем вам посмотреть на\r\nнаши подборки замечательных книг по Си и Java.', 1, '37.png', 'ru', 46),
(38, 'C++ Succinctly', 500, 6, 2016, 'Книга написана специально для профессиональных C#-разработчиков. Она дает\r\nматериал по языку C++ с учетом имеющихся у программиста знаний о языке C#.\r\nКнига несомненно полезна, когда предстоит работать с проектом, часть\r\nкоторого написана на C++, а вы знаете лишь C#. После изучения материала\r\nвы сможете писать полноценные программы уже на C++.', 1, '38.png', 'ru', 36),
(39, 'Программирование. Принципы и практика с использованием C++', 480, 7, 2017, 'Книга написана создателем языка C++ — Бьерном Страуструпом. Материал\r\nориентирован в первую очередь на тех, кто не был знаком с программированием\r\nдо прочтения этой книги. Она задумана в качестве введения в искусство\r\nпрограммирования, а язык C++ играет скорее иллюстративную роль. Здесь\r\nне удастся найти информацию обо всех возможностях данного языка\r\nпрограммирования, зато можно получить полезные советы и рекомендации\r\nдля более эффективной работы с C++ от человека, который имеет бесценный\r\nопыт в программировании и огромный вес в сообществе программистов.', 1, '39.jpg', 'ru', 38),
(40, 'Язык программирования C++.w', 480, 8, 2017, 'Стивен Прата известен каждому программисту, знакомому с языком C++.\r\nОн стремился вложить свой преподавательский опыт в эту книгу.\r\nВ результате получился монументальный труд, который дружественно\r\nотносится к читателю и понятным языком поясняет фундаментальные\r\nосновы данного языка программирования. Однозначно рекомендуется к\r\n прочтению.', 1, '40.jpg', 'ru', 73),
(41, 'The Rooks Guide to C++', 350, 9, 2017, 'Данный учебник является трудом автора и его 25 студентов, большинство\r\nиз которых — новички в C++. Большая часть книги была написана совместными\r\nусилиями примерно за 36 часов. Сам автор признается, что будь у него\r\nбесконечное количество времени, он бы отполировал книгу до блеска.\r\nВсе это сделано с целью удешевления производства книги и, как\r\nследствие, выпуска ее в свободном доступе для всех желающих.\r\nВ ней могут быть ошибки, но в целом в книге представлен\r\nдостаточно неплохой материал по языку C++.\r\n', 1, '41.png', 'ru', 73),
(42, 'Learn C++', 350, 10, 2016, 'В нашу подборку книг затесался сайт. Вы думаете, это какая-то ошибка?\r\nКак бы не так! Он здесь совсем не случайно. Это онлайн-учебник по\r\nвсему С++. Его несомненное преимущество в том, что каждая глава\r\nбогато иллюстрирована кодом, так что материал будет легче усвоить.\r\nВсе расписано достаточно подробно, но самое главное — материал\r\nпостоянно дополняется в соответствии с новыми стандартами C++.', 1, '42.jpg', 'ru', 73),
(43, 'Изучаем C++ через программирование игр\r\n', 480, 11, 2008, 'Пусть эта книга и освещает только самые базовые элементы языка, ее\r\nнесомненный плюс в том, что она предлагает закреплять полученные\r\nзнания путем создания небольших игр. В каждой главе дан определенный\r\nигровой проект, на примере которого поясняется, как можно\r\nиспользовать «фишки» языка. Книга подойдет и тем, кто до нее не\r\nбыл знаком с программированием.', 1, '43.jpg', 'ru', 58),
(44, 'Объектно-ориентированное программирование в С++', 300, 12, 2016, 'Книга Роберта Лафоре из серии «Классика Computer Science». В ней\r\nочень грамотно и полно представлено понятие объектно-ориентированного\r\nпрограммирования в C++. Кроме теории, книга предлагает читателю\r\nсделать около 100 различных упражнений, которые отточат навык\r\nвладения основами ООП. Отлично подходит для начинающих\r\nпрограммистов.', 1, '44.jpg', 'ru', 75),
(45, 'Structured Programming with C++', 350, 13, 2016, 'Книга, как понятно из названия, научит вас основам структурного\r\nпрограммирования. В первую очередь, она стремится донести до\r\nчитателя, что такое «думать как программист», а уже во вторую\r\n— обучить вас языку C++. Материал представлен в удобочитаемой\r\nформе. Как и во многих книгах, здесь есть материалы для\r\nсамопроверки в каждой главе и ответы в конце книги. Автор\r\nподчеркивает, что книга фокусируется именно на решении типовых\r\nпроблем и задач, возникающих при написании программы.', 1, '45.jpg', 'ru', 85),
(46, 'Software Design Using C++', 300, 14, 2017, 'Еще одна онлайн-книга, которая дает материал в соответствии с\r\n тремя курсами, которые обычно в американских университетах\r\n называются CS 1, CS 2 и «Структуры данных». Новичкам стоит\r\n начать именно с изучения материала для курса CS 1, поскольку\r\n  в нем даются основы программирования на C++. Когда вы освоите\r\n   данный курс, то можете перейти на следующую ступень и изучить\r\n   CS 2, а затем уже и структуры данных. Кстати, советуем\r\n    ознакомиться и с нашим материалом по структурам данных.', 1, '46.png', 'ru', 47),
(47, 'Как программировать на C++', 480, 15, 2017, 'Харви и Пол Дейтелы в своей книге решили отойти от привычного порядка\r\nвведения в C++ и уже с третьей главы знакомят читателя с основами\r\nООП, тем самым не освещая должным образом структурное и процедурное\r\nпрограммирование. Большое внимание уделяется\r\nобъектно-ориентированному проектированию программных систем\r\nс помощью графического языка UML2. Данный учебник является\r\nодним из самых популярных в мире по C++.', 1, '47.jpg', 'ru', 84),
(48, 'Язык программирования С++. Cтандарт C++11. Краткий курс', 500, 16, 2016, 'Книга представляет собой быстрый (примерно 180 страниц и 14 глав)\r\nобзор возможностей С++ и его стандартной библиотеки (стандарт С++11)\r\nна достаточно высоком уровне для программистов, которые уже знакомы\r\nс языком, или, по крайней мере, имеют значительный опыт в\r\nпрограммировании. Эта книга — расширенная версия материала\r\nглав 2-5 из четвертого издания «Языка программирования С++».', 1, '48.jpg', 'ru', 84),
(49, 'Язык программирования C++. Базовый курс', 480, 1, 2017, 'Тысяча страниц очень подробного введения в C++, которое детально\r\n  покрывает буквально все аспекты языка в доступном формате. С самого\r\n  начала книги читателя знакомят со стандартной библиотекой C++, ее\r\n  самыми популярными функциями и средствами, что позволяет в скором\r\n  времени приступить к написанию программ, даже если не были изучены\r\n  нюансы языка. Пятое издание (выпущено 16 августа 2012-ого)\r\n  обновлено для С++11.', 1, '49.jpg', 'ru', 65),
(50, 'How to Think Like a Computer Scientist', 480, 2, 2017, 'Цели этой книги — научить вас использовать язык C++ и мыслить, как\r\nисследователь. Она делает акцент на использовании языка C++ как\r\nудобного инструмента для научных вычислений. Для знакомства с\r\nэтой книгой желательна хотя бы математичекая подготовка. Вы\r\nнаучитесь четко формулировать проблему и затем представлять себе\r\nее решение. И только после этого писать код и проводить тесты.', 1, '50.jpg', 'ru', 53),
(51, 'An Introduction to GCC', 350, 3, 2017, 'В отличие от других книг из данной подборки, эта не стремится вас\r\nнаучить языку C++. Она про совершенно иное, а именно про компиляцию\r\nпроекта в gcc и g++. Если вы считаете, что достаточно провести\r\nкомпиляцию проекта без дополнительных настроек, то эта книга\r\nвам докажет обратное. После ее прочтения вы узнаете обо всех\r\nаспектах компиляции программ, а также о базовых функциях\r\nкомпилятора, позволяющих отлаживать и оптимизировать код программ.', 1, '51.jpg', 'ru', 57),
(52, 'Эффективное программирование на C++.', 350, 4, 2016, 'Содержит в себе все то же самое, что и «Учебник для начинающих:\r\nС++», но короче в 4 раза. В основном это из-за того, что автор\r\nне пытается ввести читателя в программирование, а сразу учит\r\nС++ тех, кто пришел с других языков. Может быть немного сложна\r\nдля понимания, но тем, кто сможет осилить курс, это еще и\r\nздорово сократит время изучения.', 1, '52.jpg', 'ru', 63),
(53, 'Open Data Structures', 480, 5, 2008, 'Автор этой книги, Пэт Морин, считает, что студентам компьютерных\r\nспециальностей необходимо изучать структуры данных, но в большинстве\r\nслучаев хорошие книги по этой теме стоят немало, и студенты не могут\r\nприобрести их ввиду их материального положения. А бесплатные книги\r\nпо структурам данных уже порядком устарели ввиду нескольких причин.\r\nПоэтому он решил написать собственную книгу, которая в полной\r\nмере освещает данный курс, содержит только актуальную информацию,\r\nи самое главное — свободно распространяется.\r\n', 1, '53.jpg', 'ru', 34),
(54, 'Data Structures and Algorithm Analysis', 300, 6, 2016, 'Фокус книги сосредоточен на создании эффективных структур данных и\r\n алгоритмов. После ее прочтения вы научитесь выбирать или\r\n проектировать структуру данных, наиболее подходящую в той\r\n или иной части программы. Хороший вариант для изучения этой\r\n темы.', 1, '54.jpg', 'ru', 24),
(55, 'Принципы и практика использования C++', 350, 7, 2016, 'Уникальная книга от одного из разработчиков языка программирования C++,\r\nкоторая учит программировать. Каждая глава самостоятельная тематическая\r\nстатья, которая может быть прочитана последовательно при изучении всего\r\n материала, так и самостоятельно, при возникновении каких-либо трудностей\r\n в процессе разработке.\r\n', 1, '55.jpg', 'ru', 34),
(56, 'Философия C++', 300, 8, 2017, 'Одна из лучших книг по C++, которая должна быть в библиотеке каждого\r\nстудента, изучающего программирование. Книга формирует у читателя\r\nглубокое понимание этого языка программирования и учит думать на C++.\r\nКнига предназначена для всех, кто занимается разработкой программного\r\nобеспечения. (в двух томах)\r\n', 1, '56.jpg', 'ru', 25),
(57, 'C++: базовый курс', 480, 9, 2017, 'Известный эксперт в области программирования и знаток языков\r\nпрограммирования C, C#, C++, Java Герберт Шилдт является автором\r\nмногочисленных бестселлеров по программированию и разработке,\r\n которые переведены на несколько языков, а общий распроданный\r\n тираж изданий составляет более 3 миллионов, среди них и известная\r\n книга «Освой C++ за 21 день».', 1, '57.jpg', 'ru', 75),
(58, 'Язык программирования C++', 500, 10, 2016, 'Настоящий учебник для студентов и разработчиков по языку программирования\r\nC++, охватывающий несколько парадигм программирования: ООП, процедурное\r\nи обобщенное программирование.\r\nЯзык программирования C++ удивителен. Он сочетает в себе функциональные\r\n возможности языка С и принципы объектно-ориентированного программирования.\r\n Любая книга по программированию внушительных размеров, но работа Прата\r\n уместилась на 1450 станицах. Представьте, какой это учебник.', 1, '58.jpg', 'ru', 58),
(59, 'Изучаем SQL', 480, 11, 2007, 'Эта книга — прекрасный выбор для тех, кто стоит в начале тернистого пути\r\nизучения SQL. Она не только позволит приобрести необходимую базу начальных\r\n знаний, но и расскажет о наиболее популярных тонкостях и мощных средствах\r\n  языка, которыми пользуются опытные программисты.\r\nМногие пособия, посвященные базам данных, реляционной теории и языку SQL,\r\n переполнены скучным изложением теоретических основ. Эта книга является\r\n приятным исключением благодаря своему легкому, живому стилю. Автор\r\n мастерски преподносит читателю информацию об SQL-выражениях и блоках,\r\n  типах условий, join-ах, подзапросах и многом другом.\r\nДля закрепления полученных знаний на практике, автор создает учебную базу\r\n MySQL и приводит множество практических примеров запросов, охватывающих\r\n весь изложенный теоретический материал.\r\n', 1, '59.jpg', 'ru', 96),
(60, 'SQL', 480, 6, 2013, 'В книге идет речь о версии языка ANSI SQL92. Подробно\r\nрассказывается о способах применения языка запросов для решения\r\nсоответствующих классов задач по выборке и модификации данных и\r\n по работе с объектами структуры базы данных. Все примеры подробно бъясняются.\r\nОсобое внимание в этом издании уделено различиям диалектов SQL в\r\nреализации наиболее распространенных СУБД: MySQL, Oracle, MS SQL Server и PostgreSQL.\r\nКнига предназначена всем, кто желает самостоятельно изучить язык\r\n SQL или усовершенствовать свои знания по этой теме.', 1, '60.jpg', 'ru', 64),
(61, 'SQL. Сборник рецептов', 350, 7, 2009, 'Данное издание предназначено для тех, кто уже имеет некоторые знания\r\n SQL и хочет усовершенствовать свои навыки в этой области. Также оно\r\n будет весьма полезно и экспертам в сфере баз данных, так как автор\r\n предлагает примеры решения задач в разных СУБД: DB2, Oracle, PostgreSQL,\r\n  MySQL и SQL Server.\r\n Книга поможет научиться использовать SQL для решения более широкого\r\n круга задач: от операций внутри БД до извлечения данных и передачи их\r\n по сети в приложения.\r\n Вы узнаете, как применять оконные функции и специальные операторы, а\r\n  также расширенные методы работы с хранилищами данных: создание\r\n  гистограмм, резюмирование данных в блоки, выполнение агрегации\r\n  скользящего диапазона значений, формирование текущих сумм и подсумм.', 1, '61.jpg', 'ru', 54),
(62, 'SQL. Библия пользователя', 350, 8, 2010, 'Книга уникальна тем, что в каждой главе приводится сравнение реализаций\r\n  тех или иных запросов на диалектах трех ведущих СУБД. Благодаря этому\r\n   она представляет собой исчерпывающий и практичный справочник по языку\r\n   SQL для разработчиков от новичков до гуру, своего рода настольное\r\n   пособие.\r\n В издании охватываются темы от самых основ до транзакций и блокировок,\r\n функций и средств защиты баз данных.\r\n В конце представлено несколько дополнительных тем: интеграция SQL в XML,\r\n  бизнес-аналитика OLAP и многое другое.', 1, '62.jpg', 'ru', 45),
(63, 'Работа с PostgreSQL', 480, 9, 2008, 'Справочное пособие по настройке и масштабированию PostgreSQL. В книге\r\n исследуются вопросы по настройке производительности PostgreSQL,\r\n репликации и кластеризации. Изобилие реальных примеров позволит как\r\n начинающим, так и опытным разработчикам быстро разобраться с особенностями\r\n масштабирования PostgreSQL для своих приложений.\r\n', 1, '63.jpg', 'ru', 54),
(64, 'Освой самостоятельно SQL', 300, 10, 2016, 'Данная книга поможет вам в кратчайшие сроки освоить SQL - самый популярный язык\r\n баз данных. Начиная с простых запросов на выборку данных, автор\r\n урок за уроком рассматривает все более сложные темы, такие, как использование\r\n операций объединения, подзапросы, хранимые процедуры, индексы,\r\n триггеры и ограничения. На изучение материала каждого урока вам потребуется\r\n не более 10 минут. Благодаря этой книге вы быстро научитесь\r\n самостоятельно составлять запросы к базам данных на языке SQL без чьей-либо\r\n помощи. Примеры, приведённые в книге, будут работать во\r\n всех наиболее популярных СУБД - IBM DB2, Microsoft Access, Microsoft SQL\r\n Server, MySQL, Oracle, PostgreSQL и Sybase Adaptive Server.', 1, '64.jpg', 'ru', 65),
(65, 'SQL. Сборник рецептов', 350, 11, 2016, 'Предназначена тем, кто уже знаком с основами языка запросов SQL и хочет повысить\r\n свой профессиональный уровень. Она будет полезна и экспертам SQL, поскольку\r\n автор предлагает варианты решения задач для разных СУБД: DB2, Oracle,\r\n PostgreSQL, MySQL и SQL Server. Если вы постоянно работаете с SQL на одной\r\n платформе, то, возможно, найдете в рецептах более эффективное решение на\r\n другой. Вы научитесь использовать SQL для решения более широкого спектра\r\n задач - от операций внутри баз данных до передачи данных по сети в приложения.', 1, '65.jpg', 'ru', 35),
(66, 'Рефакторинг SQL-приложений', 300, 12, 2017, 'Когда поднимается вопрос рефакторинга кода, специалист может быть уверен, что либо возникла\r\n серьезная проблема, либо предполагается, что она проявится в ближайшее время. Как правило,\r\n при этом известно, что следует улучшить в плане функциональности, но прежде необходимо понять\r\n природу проблемы. В книге делается попытка дать реалистичный и честный обзор методов\r\n усовершенствования приложений SQL и определить рациональную концепцию для тактических маневров.\r\n Часто рефакторинг напоминает безумный поиск быстрых побед и эффектных усовершенствований,\r\n которые можно вписать в бюджет и сохранить голову на плечах.', 1, '66.jpg', 'ru', 53),
(67, 'Fundamentals for Microsoft SQL Server', 480, 13, 2017, '  Независимо от того, являетесь ли вы системным администратором, разработчиком баз данных или\r\n   ИТ-консультантом, с помощью этого подробного руководства вы сможете быстро углубить свои знания\r\n   программы Microsoft SQL Server 2005.', 1, '67.jpg', 'ru', 75),
(68, 'Язык запросов SQL.', 500, 14, 2016, 'Книга ориентирована, прежде всего, на начинающего пользователя, желающего всерьез\r\n заняться базами данных. Основу материала составляет изучение примеров готовых\r\n баз данных. Подробно рассматриваются приемы конструирования запросов: от самых\r\n простых до сложных', 1, '68.jpg', 'ru', 75),
(69, 'Программирование баз данных SQL.', 480, 15, 2017, 'В мире существует огромное число книг и интернет-публикаций по языку SQL. Но как отличить\r\n хорошие примеры от плохих? \"Программирование баз данных SQL\" - продукт многолетней\r\n практической работы. Каждая тема здесь раскрывается подробно, а внимание к деталям\r\n превосходит ожидания. Хотя книга предназначена не для новичков, любой опытный\r\n SQL-программист найдет в ней что-нибудь новое. Предложенные здесь решения охватывают\r\n множество случаев: от традиционных \"Не могу поверить, что это опять сделал я\" до\r\n хитрых сценариев, где оптимальный вариант противоречит догмам, на которых выросли\r\n все профессионалы.\r\n', 1, '69.jpg', 'ru', 53),
(70, 'Python Crash Course', 480, 16, 2017, 'Книга начинается с пошагового руководства по основным элементам Python и\r\n структурам данных. Подробно разобраны все темы: от переменных до тестирования кода.\r\n Во второй половине книги читатель будет работать над тремя крупными проектами,\r\n создавая полезные и забавные приложения.\r\n Первый проект – игра об инопланетном вторжении, разработанная с использованием\r\n пакета pygame. Вы спроектируете корабль, создадите инопланетный флот и научитесь\r\n сражаться с космическими захватчиками.\r\n Во втором проекте вы научитесь работать с matplotlilb: загружать данные в\r\n различных форматах, визуализировать результаты в виде графиков и диаграмм,\r\n взаимодействовать с веб-API и извлекать информацию с GitHub и HackerNews.\r\n Третий проект – создание полноценного веб-приложения на Django с\r\n админ-панелью и контролем доступа пользователей.', 1, '70.jpg', 'ru', 52),
(71, 'Head-First Python', 350, 1, 2017, 'Уникальный подход серии Head First – небольшие самодостаточные разделы, богатые\r\n понятными иллюстрациями, примерами и дополнительными фактами – делает эту книгу\r\n необычайно приятной и легкой для чтения.\r\n Изучая книгу, вы будете по кусочкам создавать динамический веб-сайт на Python и\r\n CGI, а затем и Android-приложение. Вы научитесь обрабатывать пользовательский\r\n ввод, разворачивать и масштабировать ваш проект.\r\n Хотя эта книга не столь всеобъемлюща, как некоторые другие, она охватывает\r\n широкий спектр задач и объясняет их доступным языком. Если вы только начинаете\r\n погружаться в мир программирования и еще не привыкли к сухому языку большинства\r\n руководств, серия Head First – для вас. Читая ее, вы точно не заскучаете.', 1, '71.jpg', 'ru', 32),
(72, 'Invent Your Own Computer Games with Python', 350, 2, 2016, 'Если вы любите игры и мечтаете их создавать, то вам непременно следует обратить\r\n внимание на эту книгу. Она расскажет об основах программирования на Python и\r\n поможет создать несколько классических игр: Угадайку, Dragon’s Realm, Виселицу,\r\n Реверси, Сонар и, конечно, Крестики-Нолики.\r\n В процессе вы на практике научитесь работать с различными типами данных и их\r\n преобразованиями, списками, потоком программы, областями видимости, функциями\r\n и условными операторами, познакомитесь с криптографией и даже искусственным\r\n интеллектом.\r\n Из книги вы узнаете, как анимировать графику, обнаруживать столкновения,\r\n использовать звуки, изображения и спрайты. В этом поможет замечательная\r\n библиотека PyGame.', 1, '72.jpg', 'ru', 42),
(73, 'Think Python: How to Think Like a Computer Scientist', 480, 3, 2008, 'Если создание компьютерных игр – слишком легкомысленное занятие для вас, возьмите\r\n эту книгу. Ее подход гораздо серьезнее, ведь автор ставит себе задачу научить\r\n вас думать как программист.\r\n Книга написана более сухо, чем предыдущие, и имеет классическую линейную структуру.\r\n Основы программирования на Python изложены простым и понятным языком. Некоторые\r\n продвинутые области освещены довольно поверхностно (книга все-таки для новичков),\r\n зато есть много тем, которые в других руководствах не рассматриваются, например,\r\n анализ алгоритмов, изменяемость и полиморфизм.', 1, '73.jpg', 'ru', 64),
(74, 'Effective Computation in Physics: Field Guide to Research with Python', 300, 4, 2016, '\r\n Не позволяйте названию отпугнуть вас. В долгосрочной перспективе «трудный путь»\r\n окажется легким, ведь он с самого начала покажет вам, как обстоят дела в программировании\r\n на самом деле.\r\n Вводите весь код самостоятельно, делайте все упражнения, ищите свое решение для\r\n каждой проблемы – это единственно верный путь к успеху. Изучив это руководство,\r\n вы уже не будете новичком.\r\n Содержание книги представлено замечательно: четкие главы, краткие и понятные\r\n примеры кода, более 50 упражнений, каждое из которых основано на предыдущем.\r\n Среди всех книг этой подборки, «Трудный путь» имеет самые смешанные отзывы.\r\n Сообщество Stack Overflow отмечает, что ее читатели иногда задают бессмысленные\r\n вопросы на форуме, что связано с особенностями подачи материала. И все же она\r\n входит в список лучших книг по Python.', 1, '74.png', 'ru', 34),
(75, 'Real Python Course', 350, 5, 2016, 'Книга состоит из объяснений, примеров кода и упражнений, позволяющих немедленно\r\n  применить и закрепить полученные знания.\r\n Руководство ориентировано на практический подход. Оно глубоко и понятно описывает\r\n основы языка, но также рассматривает более сложные и продвинутые функции Python.\r\n Вы научитесь обрабатывать PDF-файлы, использовать SQL, парсить веб-страницы,\r\n проводить сложные вычисления с помощью numpy и matplotlib, создавать графические\r\n интерфейсы.', 1, '75.png', 'ru', 64),
(76, 'Python for Kids: A Playful Introduction to Programming', 300, 6, 2017, 'Эта забавная книга подходит для новичков всех возрастов. Это четкое, простое,\r\n   обильно иллюстрированное введение в программирование на Python с замечательными\r\n   примерами.\r\n   После установки и разбора основных понятий, вы начнете работать с графикой в\r\n   библиотеке Python turtle – популярной платформе для обучения детей программированию.\r\n   После теоретической части начинаются два забавных проекта. Первый из них – Bounce\r\n    – однопользовательская версия Pong. Он интегрирует полученные знания о функциях,\r\n     классах, потоке выполнения, создании интерфейсов с помощью tkinter, выполнении\r\n     геометрических вычислений и использовании привязок событий для создания интерактивности.\r\n', 1, '76.jpg', 'ru', 54),
(77, 'Teach Your Kids to Code: A Parent-Friendly Guide to Python Programming', 480, 7, 2017, 'Эта книга похожа на предыдущую, но предназначена больше для взрослых, которые\r\n   сами учатся программировать вместе с ребенком.\r\n   От большинства вводных руководств она отличается использованием цвета и большим\r\n   количеством иллюстраций. Объяснения здесь не такие глубокие, но вполне понятные\r\n   и достаточные для начала работы.', 1, '77.jpg', 'ru', 46),
(78, 'Python Tricks: A Buffet of Awesome Python Features', 500, 8, 2016, 'В этой книге вы найдете множество малоизвестных функций и рекомендаций для более\r\n   глубокого понимания Python. Каждый из 43 разделов – это независимое описание\r\n   отдельной концепции – трюка – с обсуждением, примерами кода и выводами.\r\n   Содержание книги – это шведский стол, на котором вы можете попробовать любое\r\n   понравившееся вам блюдо.', 1, '78.jpg', 'ru', 36),
(79, 'Fluent Python: Clear, Concise, and Effective Programming', 480, 9, 2017, 'Эта книга была создана для опытных программистов на Python 2, которые хотят\r\nперейти на Python 3. Она идеально подходит для опытных питонистов, которые\r\nхотят перейти на следующий уровень.\r\nЭто также великолепный справочник для опытных программистов на других языках,\r\n которые хотят посмотреть, как реализуется на Python та или иная концепция.\r\nВ книге шесть разделов, каждый из которых можно читать независимо от других:\r\n', 1, '79.jpg', 'ru', 38),
(80, 'Effective Python: 59 Ways to Write Better Python', 480, 10, 2017, 'Это сборник из 59 независимых друг от друга статей разной сложности, посвященных\r\n   лучшим практикам программирования, малоизвестным функциям и встроенным\r\n   инструментам языка.\r\n   Вы можете читать главы подряд или выбирать только те, которые вам интересны.\r\n   Каждая статья занимает 2-4 страницы, поэтому ее вполне можно разобрать за один подход.\r\n', 1, '80.jpg', 'ru', 73),
(81, 'Изучаем Python и Программируем на Python', 350, 11, 2017, '(2 тома)По моему мнению, данную книгу должен прочитать каждый программист на Python,\r\n   который хочет связать свою жизнь с этим языком.\r\n   Она дает обширное понимание языка\r\n   Она объясняет плюсы и минусы языка\r\n   Она показывает эволюцию языка.\r\n', 1, '81.jpg', 'ru', 73),
(82, ' Простой Python', 350, 12, 2016, 'Прочитав эту книгу и скачав PyCharm без it-бекграунда, я смог написать\r\n свои первые программы (небольшое десктоп-приложение, парсер сайтов и ребус).\r\n Форсье Дж., Биссекс П., Чан У., Django – веб-разработка приложений на Python.\r\n Я считаю эту книгу полностью бесполезной, так как она не справляется со\r\n своей главной задачей – научить писать веб-приложения на Django.', 1, '82.jpg', 'ru', 73),
(83, 'Разработка геоприложений на языке Python.', 480, 13, 2008, 'Эту книгу должен прочитать каждый разработчик, который хочет написать\r\n  адекватное ГИС приложение на Python.\r\n  Эту книгу можно условно разделить на два раздела:\r\n  Что такое ГИС системы – очень ясно и адекватно\r\n  Почему писать Гис приложение на Python – это больно', 1, '83.jpg', 'ru', 58),
(84, ' Введение в машинное обучение с помощью Python.', 300, 14, 2016, 'Небольшая книга, которая дает четкое понимание того, что такое машинное\r\n  обучение, на каких принципах оно базируется, какие инструменты для этого\r\n  применяются. Для базового понимания – лучшая книга, что есть на данный\r\n   момент.\r\n  Лично я всегда думал, что машинное обучение – это какой-то рокет саенс,\r\n  а прочитав эту книгу, я увидел, что базовые принципы достаточно просты,\r\n  просто надо заморачиваться, чтобы добиться хороших результатов. Определенно\r\n  рекомендую.\r\n', 1, '84.jpg', 'ru', 75),
(85, 'Python в системном администрировании UNIX и Linux.', 350, 15, 2016, 'Я считаю эту книгу абсолютно бесполезной для прочтения, так как она\r\n   дает сжатый курс питона, сжатый курс по IPython, сжатый курс по\r\n   скриптингу в Unix. В итоге, все какое-то поверхностное, однобокое,\r\n   и устаревшее. Если вы прочитали хотя бы одну книгу по Питону до этого,\r\n   смело проходите эту книгу стороной.', 1, '85.jpg', 'ru', 85),
(86, 'Скрапинг веб-сайтов с помощью Python.', 300, 16, 2017, 'Занимаясь в свое время достаточно много парсингом данных с различных\r\n сайтов, я могу сказать, что данная книга охватывает практически все\r\n аспекты данного ремесла. Другое дело, что вся эта информация без\r\n проблем гуглится в небольших статьях, которые дают куда более простое\r\n объяснение и руководство к действию. Поэтому эти книга подходит\r\n исключительно для тех, кто раньше не занимался парсингом (для них\r\n будет интересна), остальные проходят книгу стороной.', 1, '86.jpg', 'ru', 47),
(87, 'Программирование компьютерного зрения на языке Python.', 480, 1, 2017, 'Книга, которая фактически дает краткое\r\n     описание популярных библиотек по работе потоками данных и\r\n     мультимедиа файлами. Не имеет какой-либо четкой структуру,\r\n     не имеет понятной повествовательной линии. Впустую тратит\r\n     ваше время. Да, надо признать, разработка компьютерного зрения\r\n      на Python – это исключительно pet-проект, для серьезных условий\r\n       это не особо котируется. Это описание также подходит под книгу:\r\n       «Цифровая обработка сигналов на языке python»', 1, '87.jpg', 'ru', 84),
(88, 'Язык программирования C#', 500, 2, 2016, 'Это главная книга по языку программирования C#. Она должна стать настольной\r\n книгой каждого C# разработчика. Она хорошо подойдет новичкам, изучающим C#.\r\n Количество .NET приложений увеличивается, а C# является тем языком\r\n программирования, который  позволяет понять и взаимодействовать с\r\n платформой .NET.\r\n Авторы книги легендарный программист и архитектор языка C# Андерс\r\n Хейлсберг и несколько человек из группы разработчиков C#: Скотт\r\n Вилтамут, Питер Голд  и Мадс Торгерсен. Именно по этой причине в к\r\n ниге приведено максимально полное описание языка, собраны спецификации,\r\n описана семантика, есть примеры кода. Каждая глава сопровождается\r\n комментариями известных программистов, которые работают с C#.', 1, '88.jpg', 'ru', 84),
(89, 'Справочник. Полное описание языка C#', 480, 3, 2017, 'Это обновленное издание дает ответы на абсолютно любые вопросы,\r\n которые могут возникнуть у разработчика по языку программирования C#.\r\n Ребята найдут в книге материалы по основам синтаксиса, переменным, а\r\n также указателям и перезагрузке операций. Кроме этого, она научатся\r\n динамическому, параллельному и асинхронному программированию, выучат\r\n LINQ и принципы работы с .NET.', 1, '89.jpg', 'ru', 65),
(90, 'Изучаем C#', 480, 4, 2017, 'Автор делает упор на то, что, используя C# и Visual Studio, разработчики\r\n могут быстро создавать приложения, разрабатывать красивый пользовательский\r\n интерфейс, создавать базы данных и взаимодействовать с ними.\r\n Читателя учат фокусироваться на решении реальных проблем. Авторы приучают\r\n начинающих программистов к основам разработки – сперва понять, кто  будет\r\n пользоваться продуктом и какие у аудитории ожидания. Будущий разработчик\r\n все время должен думать о потребностях конечных пользователей продукта\r\n и создавать качественный продукт.', 1, '90.jpg', 'ru', 53),
(91, 'C#: полное руководство', 350, 5, 2017, 'Известный американский программист и писатель, который написал несколько\r\n учебников  для начинающих разработчиков, стремящихся выучить популярные\r\n и похожие языки программирования C, C++ и Java.\r\n В этой книге автор рассмотрел все основные средства языка программирования\r\n C#, историю его создания и отличительные свойства от других языков.\r\n Им подробно описаны типы данных, операторы,  классы, методы, делегаты,\r\n события, обобщения и другие основы C#. Главным в C# является ООП,\r\n эффективный подход к программированию и лучшие идеи структурного\r\n программирования.\r\n', 1, '91.jpg', 'ru', 57),
(92, 'Microsoft Visual C# Подробное руководство', 350, 6, 2016, 'Одно из самых новых изданий, которое дает полное представление о языке\r\n программирования C#.\r\n В книге описан основной синтаксис языка программирования C#. Читатель\r\n сможет приобрести навыки в ряде важных областей во время прочтения книги.\r\n Автор делает упор в тексте на разработку и создание адаптативных и\r\n масштабируемых приложений. В книге приведено множество примеров и\r\n упражнений, подробно разобраны задания. Практика в центре внимания\r\n всей книги – создание новых типов в C#, способы управления ресурсами,\r\n создание приложений.', 1, '92.jpg', 'ru', 63);
INSERT INTO `books` (`book_id`, `book_name`, `pages`, `publish_id`, `year`, `description`, `status`, `img`, `lang`, `price`) VALUES
(93, 'Программирование на C# для начинающих', 480, 7, 2008, 'Краткое новейшее руководство, которое появилась всего несколько месяцев\r\n назад. В книге собрано все, что пригодится C# разработчику для обучения\r\n и начала работы.\r\n Изучение C# открывает новые возможности разработчикам. Шаг за шагом,\r\n глава за главой автор проводит начинающего разработчика через  ключевые\r\n концепции, которые необходимы для овладения основами языка программирования\r\n C# и уделяет внимание всем аспектам и принципам разработки на C#.\r\n Автор пишет достаточно просто и понятно, поэтому новичкам, изучающим\r\n C#, будет легко следовать новым знаниям и рекомендациям. Книга доступна\r\n пока только в английском варианте.', 1, '93.jpg', 'ru', 34),
(94, 'Microsoft Visual C# в задачах и примерах', 300, 8, 2016, 'Разобраться с новым языком программирования и научиться можно, решая\r\n конкретные задачи. С первых страниц книги читатель попадает в абсолютно\r\n практическую обстановку, ведь ему предстоит читать и разбирать код.\r\n Книга состоит из двух частей: различной степени сложности примеры,\r\n практическое описание и справочник по компетенциям и функциям. В первой\r\n части автор разбирает программы и примеры использования базовых компонентов\r\n на примере различных программ: фото, калькулятор, просмотр иллюстраций,\r\n фунты-километры, конвертор, секундомер и т.д. Демонстрирует выполнение\r\n операций с файлами, графиками и базами данных, уделяет внимание работе\r\n с LINQ и Microsoft SQL Server.', 1, '94.jpg', 'ru', 24),
(95, 'Структура и интерпретация компьютерных программ', 350, 9, 2016, '«Структура и интерпретация компьютерных программ» – учебник, который уже\r\n   не одно десятилетие заслуженно считается «азбукой программистских\r\n   заклинаний». Благодарные (по-)читатели, особенно за рубежом, называют\r\n   учебник по аббревиатуре названия – SICP. Несмотря на почтенный возраст,\r\n   книжка до сих пор является великолепной точкой старта перед восхождением\r\n   к вершинам программирования. Ещё недавно этот учебник использовался в\r\n   качестве основного на курсах Массачусетского  Технологического Института\r\n   и других крупнейших университетов планеты.', 1, '95.jpg', 'ru', 34),
(96, 'Swift Programming: The Big Nerd Ranch Guide', 300, 10, 2017, 'Потрясающий юмор авторов книги делает чтение по-настоящему занимательным\r\n процессом, начиная уже с названия книги (его можно перевести как\r\n «Программирование на Swift: подробное руководство для нерда-скотовода»).\r\n Читателю предстоит узнать всё про разработку под «железо» Apple.\r\n Сложно переоценить роль этой книги для новичков в мире языка Swift.\r\n Основатель The Big Nerd Ranch, Аарон Хиллегасс, работал в компании\r\n NeXT в 1990х. В 2000х этот человек играл ведущую роль в переводе\r\n всего ПО компании Apple на рельсы фреймворка Cocoa API.', 1, '96.jpg', 'ru', 25),
(97, 'iOS Programming: The Big Nerd Ranch Guide', 480, 11, 2017, 'Другая книга серии «The Big Nerd Ranch». Великолепно дополняет предыдущий\r\n  учебник, посвящённый программированию на Swift. Эта книжка подразумевает\r\n  наличие у читателя некоторых знаний Swift, однако она сосредоточена на более\r\n  сложных аспектах этого языка, которые пригодятся при разработке ПО именно\r\n  под iOS. Изучив эти две книги в тандеме, можно считать, что вы прошли\r\n  полный курс обучения публикации приложения в App Store.', 1, '97.jpg', 'ru', 75),
(98, 'iOS Apprentice', 500, 12, 2016, 'Если покупка сразу двух учебников серии «Big Nerd Ranch» кажется избыточно\r\n дорогим вложением, следует взглянуть в сторону книги «iOS Apprentice» —\r\n «Новичкам в iOS». Целевая аудитория – полные новички, что понятно из\r\n названия. Содержит краткий курс буквально по каждому аспекту знаний,\r\n для старта разработки в iOS. Особенность учебника – написание\r\n и сопутствующий разбор кода четырёх различных приложений.', 1, '98.jpg', 'ru', 58),
(99, 'Swift Pocket Reference: Programming for iOS and OS X', 480, 13, 2017, 'Подобная литература предназначена тем, кто уже набрался некоторого опыта\r\n   в программировании на Swift. В отличие от книжек, которые можно\r\n   охарактеризовать общей фразой «для чайников», здесь содержатся материалы\r\n   справочного характера. Эти статьи пригодятся при поиске ответов на\r\n   конкретные вопросы. Присутствует подборка задач и упражнений.', 1, '99.jpg', 'ru', 96),
(100, 'Pro Swift', 480, 14, 2017, '\r\n Пол Хадсон, автор бестселлера «Хакерам про Swift», написал учебник\r\n «Pro Swift» для молодых программистов, которые вскоре собираются\r\n перейти в разряд опытных. Книга рассказывает про те области языка\r\n программирования, которые вряд ли можно отыскать в учебниках для\r\n начинающих:наследование, полиморфизм и инкапсуляция в\r\n  объектно-ориентированном языке Swift;\r\n перегрузка и переопределение операторов;\r\n практические аспекты написания сопроводительной документации.\r\n Курс включает в себя 90 сопутствующих видеороликов, доступных\r\n для загрузки или онлайн-просмотра (DRM-защита у роликов отсутствует,\r\n    за что отдельное спасибо автору и его издательству).', 1, '100.jpg', 'ru', 69),
(101, 'iOS 10 App Development Essentials', 350, NULL, 2017, 'Книга «Основы\r\nразработки приложений под iOS 10» – великолепный источник для\r\nвсех, кто планирует перейти от освоения теории программирования к практике\r\nсоздания приложений. Как и в уже упомянутой книге Swift Pocket Reference,\r\nздесь есть примеры и главы, предназначенные для новичков. Но значительно\r\nболее ценные разделы написаны для уже достаточно опытных программистов.\r\nНе следует ориентироваться на название, и считать эту книгу учебником\r\n«для чайников».', 1, '101.jpg', 'ru', 46),
(102, 'The Core iOS Developers Cookbook', 350, NULL, 2016, 'Книга «Core iOS\r\nDevelopers Cookbook» сосредоточена на практических решениях\r\nклассических проблем, с которыми разработчикам приходится сталкиваться в\r\nповседневной практике разработки под iOS development. Добавление анимационных\r\nэффектов, привязка к разметке Auto Layout, внедрение API в собственные\r\nпроекты – всё это становится не столь уж сложной задачей, которой казалось\r\nдо прочтения этой книги.', 1, '102.jpg', 'ru', 46),
(103, 'Cocoa Design Patterns', 480, NULL, 2008, 'Книга «Cocoa Design Patterns»– одна из самых старых в списке, впервые\r\nбыла опубликована в далёком 2009 году. Однако, благодаря тому, что она\r\nописывает целые паттерны, а не «квирки» определённого языка, книжка\r\nостаётся весьма релевантной и в наши дни. В разделах содержится множество\r\nинформации для разработчиков iOS. Впрочем, она посвящена фреймворку Cocoa\r\nв целом, а потому может служить ещё и подспорьем для программистов,\r\nпишущих под MacOS.', 1, '103.jpg', 'ru', 46),
(104, 'iPhone App Development: The Missing Manual', 300, NULL, 2016, 'Посвящается\r\nтем читателям, кто не просто писал на языке Swift, но делал это\r\nсо всем мастерством и умением. Тем, кто знает платформу iOS, как свои пять\r\nпальцев. Тем, кто хочет продвинуться ещё дальше, вверх к самым звёздам\r\nпрограммирования. Успех приложения состоит не только из собственно кода:\r\nнеобходимо разбираться в дизайне, брендинге, иметь чёткие представления о\r\nцелевой аудитории – и далеко не только это.', 1, '104.jpg', 'ru', 46),
(105, 'Ubuntu Pocket Guide and Reference', 350, NULL, 2016, 'Настоящая книга\r\nявляется кратким справочником, полезным при каждодневным использовании Ubuntu.\r\nВ ней даются хорошие советы, которые пригодятся при использовании\r\nдистрибутивов Ubuntu 8.04 и 8.10.\r\nОсвещены следующие темы:\r\nУстановка и конфигурирование Ubuntu\r\nОбъясняется, как пользоваться рабочим столом, как выполнять регистрацию, как\r\nнастраиваить его внешний вид, как создавать виртуальные рабочие столы и как\r\nпользоваться различными приложениями.\r\n', 1, '105.jpg', 'ru', 46),
(106, 'Two Bits - Четвертак', 300, NULL, 2017, 'В этой книге авто\r\nисследует историю и культурную значимость движения за свободное\r\nпрограммное обеспечение, выявление лиц и технологий, которые\r\nпреобразовали не только программное обеспечение, но также\r\nмузыку, науку и образование.\r\nНастоящая книга охватывает следующие три темы:\r\nФанаты, публичный резонанс, протестантские реформаторы,\r\nэрудиты и трансгуманисты\r\nОписывается, что такое свободное программное обеспечение и\r\nоткуда оно пришло, в пяти главах подробно в исторической\r\nпоследовательности описываются конкретные практические проявления:\r\nсоздание движения, совместное использование исходного кода,\r\nконцептуализация открытости и использования открытых систем,\r\nлицензирование авторских прав - copyright (и их отрицание copyleft)\r\nа также координированное сотрудничество\r\nВлияние на окружающую среду', 1, '106.png', 'ru', 46),
(107, 'The Linux Starter Pack- Пакет документации для начинающих', 480, NULL, 2017, 'Это всестороннее руководство по системе Linux, которое\r\nбудет полезно как начинающим, так и продвинутым пользователям. В этой книге\r\nпользователю будет рассказано как установить Linux, как пользоваться рабочим\r\nстолом, как использовать обычное программное обеспечение, как добавлять новые\r\nпрограммы и как справиться с проблемами, если они возникают.\r\n\r\nВ книге описаны следующие темы:\r\n\r\nРабочий стол Linux в том числе эффекты Compiz\r\nПриложения Writer, Calc, Impress и Base из пакета OpenOffice.org\r\nРедактирование фотографий\r\nИгры\r\nМультимедиа, в том числе использование мультимедийных кодеков, обработка\r\nмультимедиа, запись на диски, создание дисков\r\nИнтернет: просматриваем сайты, используем мгновенные сообщения, скачиваем\r\nфайлы с помощью BitTorrent\r\nДобавляем программное обеспечение\r\nРекомендации по использованию программного обеспечения\r\nПечать документов\r\nУправление регистрационными записями\r\nБезопасность\r\nГлоссарий технических терминов', 1, '107.png', 'ru', 46),
(108, 'Самое простое руководство по Linux', 500, NULL, 2016, 'Целевая аудитория\r\nнастоящей книги — пользователи, которые хорошо знакомы с системой Windows и\r\nникогда не пользовалось Linux, но которые хотят его попробовать. Главной целью\r\nявляется создание моста от того, что пользователям уже известно, к мощному\r\nи увлекательному миру операционной системы Linux.\r\n\r\nВ книге объясняются следующие вопросы:\r\n\r\nКак получить Linux\r\nИзучение рабочего стола\r\nКак установить приложения\r\nКомандная строка\r\nОбъяснение, чем Linux похож на Windows\r\nОбъяснение ключевого различия между этими двумя операционными системами\r\nОпровержение множества мифов о Linux', 1, '108.jpg', 'ru', 46),
(109, ' Создание открытого программного обеспечения', 480, NULL, 2017, 'Эта книга о человеческом факторе разработки открытого\r\nпрограммного кода. В ней описывается как функционируют успешные проекты,\r\nожидания, возлагаемые на проекты пользователями и разработчиками, а также\r\nобщая культурная среда бесплатного программного обеспечения.\r\n\r\nЭта книга предназначена для разработчиков и менеджеров, которые либо планируют\r\nначать запустить проект с открытым исходными кодом, либо уже запустили проект\r\nи задаются вопросом что делать дальше.\r\n\r\nОсвещены следующие темы:\r\n\r\nОбщие советы, касающиеся запуска проекта: выбор хорошего наименования, наличие\r\nясных целей проекта, пояснение того, что проект бесплатен, сфера влияния проекта\r\nТехническая инфраструктура, такая как списки рассылок, управление версиями,\r\nотслеживание ошибок, веб сайт\r\nСоциальная и политическая инфраструктура\r\nКак привлечь финансирование в среду бесплатного программного обеспечения\r\nИскусство правильного общения\r\nУпаковка, релизы и ежедневная разработка\r\nРабота с волонтерами\r\nЛицензии, авторские права, патенты', 1, '109.png', 'ru', 46),
(110, 'Введение в Linux: удобное руководство', 480, NULL, 2017, 'Это руководство представляет собой обзор системы\r\nLinux, ориентированное на новых пользователей и представляющее собой\r\nознакомительный тур и введение, причем в конце каждой главы руководства\r\nприведены примеры. Для более продвинутых пользователей настоящее\r\nруководство может служить в качестве справочного руководства по\r\nиспользованию рабочего стола,\r\nработы с системой и администрированию сети.', 1, '110.jpg', 'ru', 46),
(111, 'Руководство по Bash для начинающих', 350, 15, 2017, 'Все, кто работает\r\nна UNIX или UNIX-подобных системах и хочет облегчить жизнь себе и быть\r\nпродвинутым пользователем или администратором системы, получат пользу от\r\nпрочтения этой книги.\r\n\r\nПредставлены следующие темы:\r\n\r\nСкрипты Bash\r\nСоздание и отладка скриптов\r\nСреда оболочки Bash: файлы инициализации оболочки, переменные, спецсимволы,\r\nрасширения оболочки, алиасы\r\nРегулярные выражения\r\nПотоковый редактор sed\r\nЯзык программирования awk\r\nCУсловные инструкции (if, if/then/else, if/then/elif/else, вложенные инструкции\r\nif, логические операции)\r\nСоздание интерактивных скриптов\r\nПовторяющиеся задачи\r\nФункции\r\nПерехват сигналовs', 1, '111.jpg', 'ru', 86),
(112, 'После войн программного обеспечения', 350, 16, 2016, 'Учитывая технологию, которая уже есть в наличии,\r\nмы должны были иметь автомобили, которые возили бы нас повсюду,\r\nпричем в абсолютной безопасности, пока мы, развалившись на заднем\r\nсидении, пили бы шампанское. Все, что нужно, это видеокамера,\r\nрасположенная на крыше автомобиля, не правда ли? У нас уже имеются\r\nвсе аппаратные средства, причем уже несколько лет, но у нас нет\r\nавтомобилей, управляемых роботами, поскольку нет программного\r\nобеспечения.\r\nВ этой книге объясняется, как мы можем сделать программное обеспечение\r\nлучше и создать нашего собственного hi-tech шофера. Подробно\r\nрассматривается, почему свободное программное обеспечение\r\nявляется наилучшим решением, изучается вклад Google,\r\nтехнологии Java, наличие патентов и авторских прав, системы Vista,\r\nдругие аспекты свободного программного обеспечения и многие другие\r\nвещи.', 1, '112.jpg', 'ru', 46),
(113, 'Регулируемые разработки или неуправляемый рынок', 480, 1, 2008, 'Эта книга, посвященная методам инженерии\r\nпрограммного обеспечения, базируется на наблюдении автора за\r\nпроцессом разработки ядра Linux и его практическом опыте\r\nуправления проектом с открытым исходным кодом.\r\nВ книге противопоставляются две различные модели разработки свободного\r\nпрограммного обеспечения:\r\n\r\nУправляемая модель, используемая в большей части коммерческого мира\r\nНеуправляемая модель из мира Linux\r\nНа протяжении многих лет эта книга оказывает глубокое влияние на\r\nсуществующие проекты с открытым кодом, в которых используется\r\nнеуправляемая модель разработки.', 1, '113.jpg', 'ru', 35),
(114, 'Free for All: How LINUX and the Free Software Movement ', 300, 2, 2016, 'Как и в предыдущей книге, в настоящей книге излагаются\r\nаргументы в пользу открытости исходного кода программного обеспечения и\r\nего бесплатности для тех, кому он нужен. Но автор настоящей книги проникает\r\nглубже в основы этого движения, так что книга воспринимается как мыльная\r\nопера из области high-tech.', 1, '114.jpg', 'ru', 35),
(115, 'Изучаем команды GNU/Linux', 350, 3, 2016, 'Настоящая книга\r\nпервоначально была написана на LibrePlanet — конференции GNU/Linux,\r\nпрошедшей в Harvard Science Center, Cambridge, MA, 21 - 22 марта 2009 г.\r\n\r\nОсвещены следующие темы:\r\n\r\nОсновные команды, в том числе разделы, касающиеся прав доступа, манипуляции\r\nс процессами и перенаправлениями, абсолютные и относительные пути\r\nПодстановка\r\nАвтозаполнение\r\nКоманды, использующие конвейеры\r\nКоманда History\r\nПодстановка команд и параметров\r\nНастройка', 1, '115.jpg', 'ru', 35),
(116, 'Введение в OpenOffice.org 3.x', 300, 4, 2017, 'Open Office\r\n(OpenOffice.org) является свободно распространяемым полнофункциональным\r\nмультиплатформенным офисным пакетом. Настоящую книгу должен прочитать каждый,\r\nкто хочет быстро работать с последней версией пакета OpenOffice.org.\r\n\r\nВ книге рассматриваются все пргораммы, входящие в офисный пакет OpenOffice:\r\n\r\nПриложение Writer (текстовый процессор)\r\nПриложение Calc (электронные таблицы)\r\nПриложение Impress (создание презентаций)\r\nПриложение Draw (векторная графика)\r\nПриложение Math (редактор уравнений)\r\nПриложение Base (базы данных)', 1, '116.jpg', 'ru', 76),
(117, 'Постигаем тонкости GIMP', 480, 5, 2017, 'В этой книге представлены\r\nвсе тонкости теории изображений, особенности применения отдельных функций\r\nграфического редактора GIMP (слои, выделенные элементы, маски и цветовые\r\nпространства), расширенные возможности композиции и рендеринга, а также\r\nдан краткой обзор работы с изображениями, используемыми в веб приложениях.', 1, '117.png', 'ru', 43),
(118, ' База знаний и руководство по Linux', 500, 6, 2016, 'Эта работа является унифицированной базой знаний и\r\nруководством, опубликованной в сети интернет с целью помочь\r\nпользователям изучить особенности системы Linux.', 1, '118.jpg', 'ru', 46),
(119, 'Программирование для Linux. Профессиональный подход', 480, 7, 2017, 'Настоящая книга является учебным пособием, в котором уделено\r\nвнимание наиболее важным программистским методам и концепциям и приводятся\r\nпримеры для каждой из них. Книга не предназначена для начинающих и\r\nпредполагается, что читатель должен быть знаком с языком программирования\r\nC и библиотечными функциями этого языка.', 1, '119.jpg', 'ru', 24),
(120, 'Linux 101 & 102 Modular Training Notes', 480, 8, 2017, 'Это два\r\nруководства, которые предназначены для тех, кто хочет подготовиться к\r\nсдаче экзаменам LPI 101 или 102.', 1, '120.jpg', 'ru', 64),
(121, 'Драйверы устройств для Linux, 3-е издание', 350, 9, 2017, 'Эта книга охватывает все значительные изменения,\r\nпоявившиеся в версии 2.6 ядра Linux, благодаря чему упрощаются многие\r\nоперации и появляются новые тонкие возможности, которые позволяют создавать\r\nдрайвера более эффективными и более гибкими.\r\nЧитатели найдут новые главы, посвященные важным типам драйверов, которые\r\nранее не рассматривались, такие как консоли, USB драйвера и другие.', 1, '121.png', 'ru', 54),
(122, 'LINUX: Подробное руководство', 350, 10, 2016, 'Книга является\r\nсправочным пособием и техническим пособием для новичков и опытных\r\nадминистраторов системы GNU/Linux. В ней содержатся тщательные разъяснения\r\nи практические примеры по ккаждому аспекту системы Linux.', 1, '122.png', 'ru', 45),
(123, 'Руководство по сетевому администрирование в Linux, 2-е издание', 480, 11, 2008, 'Эта книга была написана с целью создать единый справочник\r\nпо сетевому администрированию в среде Linux. Начинающие и опытные пользователи\r\nдолжны найти в ней информацию, которая охватывает почти все важные\r\nадминистративные действия, необходимые для конфигурирования и управления\r\nсетевыми ресурсами Linux.', 1, '123.png', 'ru', 54),
(124, 'Руководство по tuXlabs', 300, 12, 2016, 'Эта книга предназначена\r\nдля тех, кто хочет создать компьютерную лабораторию tuXlab в соответствии\r\nс требованиями Фонда Шаттлворта.\r\n\r\nВ такой лаборатории, называемой tuXlab (Tux — имени пингвина, являющегося\r\nталисманом Linux), используется только свободное программное обеспечение,\r\nблагодаря чему эта лаборатория проста в управлении и позволяет наилучшим\r\nобразом использовать старое или устаревшее оборудование.', 1, '124.jpg', 'ru', 65),
(125, 'The Little Go Book', 350, 13, 2016, 'Эта книга – бесплатное введение\r\nв Golang. Предназначена для разработчиков, которых не устраивает идея\r\nуказателей и статической типизации. На самом деле, это больше, чем просто\r\n«маленькая книга»: название свидетельствует лишь о простоте изложения.', 1, '125.png', 'ru', 35),
(126, 'Введение в программирование на Go', 300, 14, 2017, 'Книга является\r\nкратким введением в язык Go. Разработанный «гуглом», это язык программирования\r\nобщего назначения с современными функциями, чистым синтаксисом и надежной\r\nбиблиотекой, что делает его идеальным для изучения в качестве первого языка\r\nпрограммирования.', 1, '126.jpg', 'ru', 53),
(127, 'Go Bootcamp', 480, 15, 2017, 'Изначально книга появилась в качестве пособия\r\nк мероприятию, но в ней также есть полезный контент от Google и команды создателей\r\nв соответствии с лицензией Creative Commons Attribution 3.0, а также код,\r\nлицензированный в соответствии с BSD.', 1, '127.png', 'ru', 75),
(128, 'Гo для JavaScript-разработчиков', 500, 16, 2016, 'Книга, с помощью\r\nкоторой JavaScript-eры смогут легко перейти на Gо. В книге рассмотрены\r\nотличия между языками в целях облегчения перехода с одного языка на\r\nдругой.', 1, '128.png', 'ru', 75),
(129, 'Go в действии', 480, 1, 2017, 'С этой книгой заинтересованный\r\nновичок сможет стать гуру. Сначала автор вводит описание концепций и\r\nособенностей языка, затем вы узнаете то, что позволит приступить к\r\nпрактическому написанию приложений, в том числе веб-сайтов, сетевых\r\nсерверов, обработчиков информации. В самом конце книги рассмотрены\r\nсекретные штуки, к примеру, вы узнаете про интеграцию Gо и C.', 1, '129.jpg', 'ru', 53),
(130, 'Go Programming Blueprints', 480, 2, 2017, 'В этой книге показано,\r\nкак создавать мощные системы и применять знания в реальных задачах. Плюсами\r\nпроектов, созданных на этом языке программирования, являются масштабируемость,\r\nпроизводительность и доступность. Уроки, изложенные автором, помогут\r\nвоспользоваться всеми преимуществами при написании кода.', 1, '130.jpg', 'ru', 52),
(131, 'Программирование на Go: создание современных приложений', 350, 3, 2017, 'На сегодняшний день Gо – один из самых впечатляющих новых языков\r\nпрограммирования. Изначально он создавался для того, чтобы помочь задействовать\r\nвсю мощь современных многоядерных процессоров. В этом руководстве автор\r\nпоказывает, как писать программы, в полной мере использующие его революционные\r\nвозможности и идиомы.', 1, '131.jpg', 'ru', 32),
(132, 'Язык программирования Golang', 350, 4, 2016, 'Книга не предполагает предварительного изучения Go или опыта работы с\r\nкаким-либо конкретным языком, поэтому она подойдет как «чайникам», так и тем,\r\nкто привык писать на других языках.\r\nИсходный код свободно доступен для загрузки с сайта, дополняющего книгу.', 1, '132.jpg', 'ru', 42),
(133, 'Go на практике', 480, 5, 2008, 'Этот практический справочник объясняет конкретные стратегии, которые\r\n можно использовать в своих повседневных приложениях. Вы изучите методы создания\r\n веб-сервисов, использование Gо в облаке, тестирование и отладку, маршрутизацию,\r\n  сетевые приложения и т. д.', 1, '133.png', 'ru', 64),
(134, 'Go: создавайте надёжные и масштабируемые приложения', 345, 6, 2016, 'Прочесть эту книгу – хорошее решение для начинающих, знакомых\r\nс основами программирования. Практическое руководство обеспечивает легкое\r\nвведение в язык. Автор раскрывает основные функции языка с пошаговыми\r\nинструкциями и упражнениями в каждой главе, которые помогут вам практиковать\r\nто, чему вы учитесь.', 1, '134.jpg', 'ru', 34),
(135, 'Программируем на Go', 350, 7, 2016, 'Изучив более 25 глав этой книги,\r\nвы быстро научитесь программированию на новом языке. Большинство примеров из\r\nэтой книги можно выполнить на тестовой среде, поэтому вам не нужно беспокоиться\r\nо создании практической среды. Вместо выполнения скучных заданий придётся поиграть,\r\nесли вам, конечно, это по душе.', 1, '135.jpg', 'ru', 64),
(136, 'Go: изучаем по примерам', 300, 8, 2017, 'Эта книга поможет вам начать\r\nработу с программированием на Gо. В ней описываются все элементы языка и\r\nиллюстрируется их использование с примерами кода.', 1, '136.jpg', 'ru', 54),
(137, 'Рецепты языка программирования Go', 480, 9, 2017, 'Изучайте Gо, решая\r\nпроблемы. Каждый рецепт является полноценным решением проблемы практического\r\nпрограммирования. Помимо классических тем, в книге затронуты работа с данными\r\nпосредством NoSQL, MongoDB и RethinkDB. Кроме того, здесь содержится подробное\r\nруководство по созданию масштабируемых интерфейсных API для ваших мобильных\r\nи веб-приложений.', 1, '137.png', 'ru', 46),
(138, 'Изучение Go', 500, 10, 2016, 'Книга охватывает языковые спецификации,\r\nдокументацию, блоги, видео, слайды и авторские впечатления от написания. Здесь\r\nесть всё необходимое для глубокого понимания языка.', 1, '138.jpg', 'ru', 36),
(139, 'Сетевое программирование на Golang', 480, 11, 2017, 'Эта книга\r\nохватывает сетевую архитектуру и обозревает язык. Погрузитесь в ключевые\r\nтемы сетевой архитектуры: сериализацию данных, протоколы, символы и кодировки.\r\n\r\nПомимо базовых принципов, книга охватывает проблемы в области сетей и\r\nбезопасности: HTTP и HTTPS, шаблоны, удаленный вызов процедур (RPC), веб-сокеты,\r\nвключая HTML5 и многое другое.', 1, '139.jpg', 'ru', 38),
(140, 'Параллелизм в Go', 480, 12, 2017, 'Эта книга проведет вас через историю\r\nпараллелизма, расскажет о его использовании в Gо, отличии от других языков,\r\nа также об особенностях структур ядра параллелизма. В каждой главе представлены\r\nреальные примеры с подробными описаниями методологий. К концу вам будет\r\nкомфортно создавать безопасные, совместимые, высокопроизводительные приложения.', 1, '140.jpg', 'ru', 73),
(141, 'Блокнот разработчика языка программирования Go', 350, 13, 2017, 'Записная книжка Gо-разработчика.', 1, '141.jpg', 'ru', 73),
(142, 'Разговорник языка программирования Go', 350, 14, 2016, 'Примеры кода показывают решения наиболее частых проблем при разработке, чтобы научиться разрабатывать качественное ПО. Вы изучите специфику работы с Golang string, коллекциями, массивами, обработкой ошибок, горутинами, срезами, картами, каналами, номерами, датами, временем, файлами, сетями, веб-приложениями и временем выполнения.', 1, '142.jpg', 'ru', 73),
(143, 'Реактивное программирование с Go', 480, 15, 2008, 'Создавайте отзывчивые приложения с Gоlang', 1, '143.jpg', 'ru', 58),
(144, 'Освоение веб-сервисов на языке Go', 300, 16, 2016, 'Автор знакомит с наиболее важными аспектами проектирования, создания и развертывания веб-сервиса с использованием методов REST, уделяет особое внимание скорости, безопасности и гибкости. Вы начнете с создания своего первого API в Gо посредством HTTP, займетесь проектированием приложения, узнаете о Model-View-Controller, поймете методы развертывания кода и рассмотрите возможности языка по части безопасности.', 1, '144.jpg', 'ru', 75),
(145, 'Прокачиваем веб-приложения с Go', 350, 1, 2016, 'В этой книге содержатся основные понятия: языковые структуры, стандартные библиотеки и инструменты. Также рассказывается о более продвинутых функциях, таких как концепции параллелизма, методологии тестирования и структуры пакетов.\r\n\r\nПосле прочтения вы будете знать, как структурировать проекты, эффективно использовать параллелизм и передовые методы тестирования.', 1, '145.jpg', 'ru', 85),
(146, 'Веб-программирование на Go', 300, 2, 2017, 'Книга учит созданию веб-приложений, с использованием современных принципов проектирования. Здесь собрана куча примеров по таким темам, как запросы обработки и отправка ответов, механизмы шаблонов, параллелизм, тестирование и развертывание веб-приложений.', 1, '146.jpg', 'ru', 47),
(147, 'Анти-учебник по разработке веб-приложений на Go', 480, 3, 2017, 'Книга для тех, кто немного знаком с Gо и веб-разработкой. Мы (вы) создадим веб-приложения без использования сторонних структур и с минимальным количеством сторонних библиотек. Сможете научиться разработке с нуля.', 1, '147.png', 'ru', 84),
(148, 'Создаём полезные Go приложения', 500, 4, 2016, 'Вместо банальных вещей в этой книге показывается, как создавать полезные приложения, такие как Pixieset, с нуля. Книга рассчитана на новичков.', 1, '148.png', 'ru', 84),
(149, 'Элегантный JavaScript', 480, 5, 2017, 'Эта книга представляет собой введение в программирование на JS. Книга также охватывает основные парадигмы программирования, например, ООП. В последней части книги рассказывается о Node.js.', 1, '149.jpg', 'ru', 65),
(150, 'JavaScript просветление', 480, 6, 2017, 'Книга глубоко проникает в возможности и тонкости углубленного JS. Чтобы показать читателю, насколько она технически подробна: отдельная глава полностью посвящена значению null, другая — целиком undefined. Если вы хотите разобраться в самой подноготной языка, эта книга специально для вас.', 1, '150.jpg', 'ru', 53),
(151, 'Изучаем паттерны проектирования JavaScript»', 350, 7, 2017, 'Паттерны проектирования — это традиционные решения типовых задач. Использование хороших паттернов способно улучшить качество, эффективность и безопасность вашего кода, в то время как плохие — так называемые «анти-паттерны» — порождают множество проблем. Эта книга — о JS (и jQuery) паттернах проектирования, техниках и лучших практиках.', 1, '151.jpg', 'ru', 57),
(152, 'Человеческий JavaScript»', 350, 8, 2016, 'Посылка этой книги в том, что в рамках этого языка существует набор функционала, инструментов, подходов и шаблонов, заточенных и оптимизированных под человека. Эта книга подойдет читателям, желающим узнать больше о JS с точки зрения разработки веб-приложений.', 1, '152.jpg', 'ru', 63),
(153, 'Говорить на JavaScript»', 480, 9, 2008, 'Книга для тех, кто хочет научиться писать код на JS. Автор позволяет себе допущение, что читатель, взявшийся за данную книгу, является программистом, который уже знает хотя бы один объектно-ориентированный или другой язык программирования, такой как PHP, Ruby, Python, C++, Java и так далее.', 1, '153.png', 'ru', 34),
(154, 'Создание клиентских веб-приложений на простом JavaScript', 300, 10, 2016, '\r\nЭта книга рассчитана на опытных JS-разработчиков, желающих прокачать свой уровень владения языком в контексте разработки полнофункционального веб-приложения.', 1, '154.jpg', 'ru', 24),
(155, 'Программируем JavaScript-приложения»', 350, 11, 2016, 'Издание, которое научит вас техникам, приемам и лучшим практикам создания современных веб-приложений с использованием JS и связанных веб-технологий вроде JSON и NoSQL.', 1, '155.png', 'ru', 34),
(156, 'Одностраничные приложения со всех сторон»\r\n', 300, 12, 2017, 'Автор этой книги Микито Такада по прозвищу Mixu уверен, что «лучший способ изучить что-то — это понять, как оно устроено». Таким образом, книга описывает процесс разработки веб-приложения на JS и других веб-технологиях.', 1, '156.jpg', 'ru', 25),
(157, 'DOM просветление»', 480, 13, 2017, 'Объектная модель документа (Document Object Model, DOM) — ключевая концепция, которую необходимо освоить любому, что серьезно занимается JS. Книга «DOM Enlightment» — техническое руководство по созданию DOM-сценариев.', 1, '157.jpg', 'ru', 75),
(158, '«Вы не знаете JS» (серия)', 500, 14, 2016, '\r\nЭто серия книг, погружающих читателя в фундаментальные механизмы языка. Первое издание на данный момент полностью сформировано.', 1, '158.png', 'ru', 58),
(159, 'Самоучитель PHP 7', 480, 15, 2017, 'Эта отечественная книга вышла совсем недавно, и содержит самую актуальную информацию по PHP и технологиям, используемым совместно с ним в разработке: PostgreSQL, Redis и NoSQL базы данных. Также в книге даётся описание популярных шаблонов проектирования, автозагрузки, composer’a и всех современных функций последней версии.', 1, '159.jpg', 'ru', 96),
(160, 'PHP 7 в подлиннике', 480, 16, 2017, 'А эта книга переживает уже не первое издание и по факту является самой популярной у отечественных читателей. В последнем издании вы узнаёте всё о PHP, включая стандарты PSR, способы настройки веб-сервера nginx, composer’a и php-fpm. Также книга содержит объёмный материал по объектно-ориентированному программированию на PHP. Новичкам к прочтению обязательно.', 1, '160.jpg', 'ru', 69),
(161, 'Изучаем PHP 7 ', 350, 1, 2017, 'Книгу зарубежного автора нельзя назвать детальным обзором на язык PHP. Она скорее содержит богатый набор скриптов, необходимых почти в каждой разработке веб-приложений: отправка сообщений по электронной почте, управление пакетами, работа с куками, сессиями и обработка форм.', 1, '161.jpg', 'ru', 86),
(162, 'Объекты, шаблоны и методики программирования', 350, 2, 2016, 'Первым делом вам нужно подробно изучить объектно-ориентированное программирование, потому что именно по его принципам строится каждый фреймворк и каждая библиотека для PHP. Эта книга считается лучшей по данной теме, поэтому забирайте.', 1, '162.jpg', 'ru', 46),
(163, 'PHP 7 Zend Certification Study Guide', 480, 3, 2008, 'Создатели языка PHP всегда благосклонны к своим адептам и придумали для вас сертификацию, подтверждающую ваши знания по языку. В этой же книге вы найдёте самые сложные темы языка, внимательное изучение которых поможет вам подтвердить ваш статус программиста на PHP.', 1, '163.jpg', 'ru', 35),
(164, 'Pro PHP Refactoring', 300, 4, 2016, 'Многие организации часто вынуждены отказываться от старого программного обеспечения, потому что просто не могут его поддерживать, если приложение плохо спроектировано. Данное руководство познакомит вас с основами тестирования и рефакторинга кода.', 1, '164.jpg', 'ru', 35),
(165, 'Learning PHP Design Patterns', 350, 5, 2016, 'Шаблоны проектирования – это лучшие решения, придуманные когда-то группой программистов с целью увеличить эффективность и гибкость кода. Из этой книги вы узнаете о самых популярных из них, применяемых в программировании на PHP.', 1, '165.png', 'ru', 35),
(166, 'Easy Laravel 5: A Hands On Introduction Using a Real-World Project', 300, 6, 2017, 'Laravel в настоящее время является самым популярным и крупным фреймворком. Он предоставляет собственный шаблонизатор, собственную ORM, собственный консольный-помощник и предустановленную виртуальную машину Homestead. Как видите, фреймворк сделан с внимательным интересом к разработчикам, то есть к вам.', 1, '166.jpg', 'ru', 76),
(167, 'Изучаем Ruby', 480, 7, 2017, 'Вам интересно, почему буквально все вокруг заговорили о языке Ruby? Спросите себя прямо: Вам нравится работать эффективно? Неужели многочисленные компиляторы, библиотеки, классы, которыми грузят вас другие языки программирования, приближают вас к решению конкретной задачи, восхищению коллег и толпе счастливых заказчиков? Вы хотите, чтобы язык программирования занимался техническими подробностями вместо вас? Тогда бросайте рутинную работу и приступайте к решению конкретных задач, а язык Ruby сделает за вас все остальное.\r\nКак и все книги серии Head First, книга «Изучаем Ruby» использует активный подход к обучению, выходя за рамки сухих, абстрактных объяснений и справочников.', 1, '167.jpg', 'ru', 43),
(168, 'Путь Ruby', 500, 8, 2016, 'Уже больше десяти лет программисты на Ruby обращаются к данной книге как к надежному источнику сведений о том, как эффективно писать на этом языке. А теперь Хэл Фултон и Андрэ Арко изрядно обновили этот классический труд, включив описание новых средств языка и инструментов.\r\nНовое издание охватывает версию Ruby 2.1 и содержит более 400 примеров, отвечающих на вопрос «Как это делается в Ruby?». Все примеры сопровождаются подробным описанием задачи и технических ограничений. ', 1, '168.jpg', 'ru', 46),
(169, 'Programming Ruby 1.9: The Pragmatic Programmers Guide', 480, 9, 2017, 'Programming Ruby 1.9: The Pragmatic Programmers’ Guide:Would you like to go from first idea to working code much, much faster? Do you currently spend more time satisfying the compiler instead of your clients or end users? Are you frustrated with demanding languages that seem to get in your way, instead of getting the work done? Are you using Rails, and want to dig deeper into the underlying Ruby language? If so, then we’ve got a language and book for you!', 1, '169.jpg', 'ru', 24),
(170, 'Agile Web Development with Rails', 480, 10, 2017, 'Agile Web Development with Rails:\r\nRails just keeps on changing. Rails 3 and Ruby 1.9 bring hundreds of improvements, including new APIs and substantial performance enhancements. The fourth edition of this award-winning classic has been reorganized and refocused so it’s more useful than ever before for developers new to Ruby and Rails.', 1, '170jpg', 'ru', 64),
(171, 'Изучаем Ruby', 350, 11, 2017, 'Книга представляет собой руководство по созданию веб-приложений на языке Ruby. Изучение построено на практических примерах, листинги которых есть почти на каждой странице.\r\n\r\nДаны основы Ruby, рассмотрены условные операторы, строки и регулярные выражения, операторы, функции, массивы, хэши, работа с файлами, классы.', 1, '171.jpg', 'ru', 54),
(172, 'The Book Of Ruby', 350, 12, 2016, 'Ruby is famous for being easy to learn, but most users only scratch the surface of what it can do. While other books focus on Ruby’s trendier features, The Book of Ruby reveals the secret inner workings of one of the world’s most popular programming languages, teaching you to write clear, maintainable code.', 1, '172.jpg', 'ru', 45),
(173, 'Язык программирования Ruby', 480, 13, 2008, 'Эта книга — официальное руководство по динамическому языку программирования Ruby. Авторский состав воистину звездный: Дэвид Флэнаган — известнейший специалист в области программирования, автор ряда бестселлеров по JavaScript и Java; Юкихиро «Matz» Мацумото — создатель и ведущий разработчик Ruby.', 1, '173.jpg', 'ru', 54),
(174, 'Ruby on Rails for Microsoft Developers', 300, 14, 2016, 'This definitive guide examines how to take advantage of the new Agile methodologies offered when using Ruby on Rails (RoR). You’ll quickly grasp the RoR methodology by focusing on the RoR development from the point of view of the beginner- to intermediate-level Microsoft developer. Plus, you’ll get a reliable roadmap for migrating your applications, skill set, and development processes to the newer, more agile programming platform that RoR offers.\r\n\r\n', 1, '174.jpg', 'ru', 65),
(175, 'Using JRuby: Bringing Ruby to Java', 350, 15, 2016, 'Описание книги Using JRuby: Bringing Ruby to Java:\r\nIn Using JRuby you\"ll venture into the wide world of open-source Ruby and Java\r\nlibraries. Write Ruby on Rails web applications that run on Java servers like\r\nTomcat. Use Java\"s\r\nJDBC or Hibernate to easily connect Ruby to industry-standard databases. Test\r\nyour Java program using Ruby\"s elegant Cucumber and RSpec frameworks. ', 1, '175.jpg', 'ru', 35),
(176, 'Функциональное программирование на языке Haskell', 300, 16, 2017, 'Данная книга является первым в России изданием, рассматривающим функциональное программирование в полном объеме, достаточном для понимания новичку и для использования книги в качестве справочного пособия теми, кто уже использует парадигму\r\n', 1, '176.jpg', 'ru', 53),
(177, 'Практика работы на языке Haskell ', 480, 1, 2017, 'В книге рассматриваются прикладные аспекты работы на языке функционального программирования Haskell. Приводятся описания инструментальных средств пяти классов - трансляторов, интегрированных сред разработки, вспомогательных утилит, специализированных библиотек и справочно-архивных систем. Для каждого программного средства дается краткое описание, его функциональность и примеры использования. Книга станет хорошим подспорьем как для начинающих программистов, так и для профессионалов, использующих в своей практике функциональную парадигму программирования. К изданию прилагается компакт-диск, на котором имеются все описанные в книге инструменты для полноценной работы на языке Haskell.\r\n', 1, '177.jpg', 'ru', 75),
(178, '\r\n  Справочник по языку Haskell', 500, 2, 2016, 'Данная книга является первой книгой на русском языке, описывающей набор стандартных библиотек функционального языка программирования Наskell. В первой части книги кратко рассматривается синтаксис языка и способы его применения для решения задач. Во второй части описываются стандартные библиотеки языка, входящие в поставки всех современных трансляторов Наskell (GHC, HUGS и др.). Книга станет прекрасным подспорьем для программистов, занимающихся прикладным программированием на языке Наskell, а также для студентов, изучающих функциональное программирование.', 1, '178.jpg', 'ru', 75),
(179, 'Изучай Haskell во имя добра!\r\n', 480, 3, 2017, 'На взгляд автора, сущность программирования заключается в решении проблем. Программист всегда думает о проблеме и возможных решениях - либо пишет код для выражения этих решений. Язык Haskell имеет множество впечатляющих возможностей, но главное его свойство в том, что меняется не только способ написания кода, но и сам способ размышления о проблемах и возможных решениях. Этим Haskell действительно отличается от большинства языков программирования. С его помощью мир можно представить и описать нестандартным образом. И поскольку Haskell предлагает совершенно новые способы размышления о проблемах, изучение этого языка может изменить и стиль программирования на всех прочих.\r\n', 1, '179.jpg', 'ru', 53),
(180, 'Learn You a Haskell for Great Good!', 480, 4, 2017, 'It\"s all in the name: Learn You a Haskell\r\n  for Great Good! is a hilarious, illustrated\r\n   to this complex functional language. Packed\r\n    with the authors original artwork, pop\r\n    culture references, and most importantly,\r\n     useful example code, this book teaches\r\n     functional fundamentals in a way you never\r\n     thought possible.\r\n', 1, '180.jpg', 'ru', 128);

-- --------------------------------------------------------

--
-- Структура таблицы `books_authors`
--

CREATE TABLE `books_authors` (
  `author_id` int(8) DEFAULT NULL,
  `book_id` int(11) NOT NULL
) ENGINE=InnoDB DEFAULT CHARSET=utf8;

--
-- Дамп данных таблицы `books_authors`
--

INSERT INTO `books_authors` (`author_id`, `book_id`) VALUES
(21, 1),
(2, 2),
(3, 3),
(5, 4),
(45, 5),
(45, 6),
(45, 7),
(64, 8),
(46, 9),
(46, 10),
(21, 11),
(22, 12),
(33, 13),
(44, 14),
(55, 15),
(66, 16),
(77, 17),
(88, 18),
(89, 19),
(21, 20),
(31, 21),
(13, 22),
(83, 23),
(80, 24),
(57, 25),
(55, 26),
(70, 27),
(80, 28),
(21, 29),
(57, 30),
(32, 31),
(27, 32),
(84, 33),
(81, 34),
(57, 35),
(54, 36),
(60, 37),
(89, 38),
(22, 39),
(58, 40),
(33, 41),
(37, 42),
(84, 43),
(82, 44),
(76, 45),
(53, 46),
(50, 47),
(31, 48),
(26, 49),
(59, 50),
(34, 51),
(47, 52),
(58, 53),
(83, 54),
(77, 55),
(52, 56),
(40, 57),
(21, 58),
(27, 59),
(68, 60),
(35, 61),
(57, 62),
(30, 63),
(84, 64),
(78, 65),
(51, 66),
(30, 67),
(61, 68),
(28, 69),
(40, 70),
(36, 71),
(67, 72),
(32, 73),
(85, 74),
(79, 75),
(50, 76),
(20, 77),
(51, 78),
(16, 79),
(41, 80),
(37, 81),
(87, 82),
(20, 83),
(86, 84),
(89, 85),
(49, 86),
(10, 87),
(41, 88),
(18, 89),
(42, 90),
(38, 91),
(87, 92),
(50, 93),
(87, 94),
(88, 95),
(48, 96),
(70, 97),
(71, 98),
(17, 99),
(42, 100),
(39, 101),
(76, 102),
(51, 103),
(46, 104),
(47, 105),
(73, 106),
(81, 107),
(43, 108),
(25, 109),
(43, 110),
(40, 111),
(65, 112),
(52, 113),
(45, 114),
(58, 115),
(72, 116),
(89, 117),
(44, 118),
(26, 119),
(68, 120),
(51, 121),
(64, 122),
(53, 123),
(44, 124),
(59, 125),
(71, 126),
(32, 127),
(45, 128),
(57, 129),
(64, 130),
(52, 131),
(74, 132),
(54, 133),
(43, 134),
(57, 135),
(74, 136),
(53, 137),
(46, 138),
(27, 139),
(18, 140),
(53, 141),
(63, 142),
(55, 143),
(43, 144),
(55, 145),
(76, 146),
(54, 147),
(47, 148),
(26, 149),
(30, 150),
(53, 151),
(63, 152),
(56, 153),
(42, 154),
(33, 155),
(78, 156),
(56, 157),
(48, 158),
(29, 159),
(29, 160),
(55, 161),
(62, 162),
(57, 163),
(41, 164),
(26, 165),
(75, 166),
(49, 167),
(49, 168),
(21, 169),
(26, 170),
(67, 171),
(61, 172),
(58, 173),
(59, 174),
(26, 175),
(27, 176),
(75, 177),
(46, 178),
(23, 179),
(22, 180),
(52, 51),
(11, 52),
(87, 53),
(78, 54),
(78, 55),
(27, 56),
(7, 57),
(5, 58),
(51, 59),
(75, 60),
(10, 61),
(22, 62),
(78, 63),
(65, 64),
(89, 65),
(38, 66),
(8, 67),
(4, 68),
(20, 69),
(42, 70),
(20, 71),
(33, 72),
(45, 73),
(45, 74),
(45, 75),
(74, 76),
(9, 77),
(3, 78),
(84, 79),
(10, 80),
(30, 81),
(44, 82),
(54, 83),
(56, 84),
(65, 85),
(74, 86),
(89, 87),
(2, 88),
(62, 89),
(12, 90),
(40, 91),
(55, 92),
(12, 93),
(65, 94),
(13, 95),
(50, 96),
(79, 97),
(1, 98),
(89, 99),
(44, 100),
(50, 101),
(66, 102),
(21, 103),
(23, 104),
(31, 105),
(46, 106),
(86, 107),
(68, 108),
(16, 109),
(19, 110),
(60, 111),
(77, 112),
(23, 113),
(21, 114),
(46, 115),
(64, 116),
(75, 117),
(86, 118),
(17, 119),
(20, 120),
(70, 121),
(88, 122),
(32, 123),
(12, 124),
(64, 125),
(46, 126),
(42, 127),
(53, 128),
(18, 129),
(30, 130);

-- --------------------------------------------------------

--
-- Структура таблицы `books_orders`
--

CREATE TABLE `books_orders` (
  `order_id` int(8) UNSIGNED NOT NULL,
  `book_id` int(8) NOT NULL,
  `qty` int(8) NOT NULL,
  `price` float NOT NULL
) ENGINE=InnoDB DEFAULT CHARSET=utf8;

-- --------------------------------------------------------

--
-- Структура таблицы `book_category`
--

CREATE TABLE `book_category` (
  `book_id` int(8) NOT NULL,
  `category_id` int(8) NOT NULL
) ENGINE=InnoDB DEFAULT CHARSET=utf8;

--
-- Дамп данных таблицы `book_category`
--

INSERT INTO `book_category` (`book_id`, `category_id`) VALUES
(1, 3),
(1, 3),
(1, 3),
(1, 5),
(1, 5),
(1, 5),
(2, 3),
(2, 3),
(2, 3),
(2, 5),
(2, 5),
(2, 5),
(3, 4),
(3, 4),
(3, 4),
(4, 5),
(4, 5),
(4, 5),
(5, 5),
(5, 5),
(5, 5),
(6, 4),
(6, 4),
(6, 4),
(7, 3),
(7, 3),
(7, 3),
(8, 11),
(8, 11),
(8, 11),
(9, 11),
(9, 11),
(9, 11),
(10, 11),
(10, 11),
(10, 11),
(11, 11),
(11, 11),
(11, 11),
(12, 5),
(12, 5),
(12, 5),
(13, 5),
(13, 5),
(13, 5),
(14, 5),
(14, 5),
(14, 5),
(15, 5),
(15, 5),
(15, 5),
(16, 5),
(16, 5),
(16, 5),
(17, 5),
(17, 5),
(17, 5),
(18, 5),
(18, 5),
(18, 5),
(19, 5),
(19, 5),
(19, 5),
(20, 11),
(20, 11),
(20, 11),
(21, 11),
(21, 11),
(21, 11),
(22, 11),
(22, 11),
(22, 11),
(23, 11),
(23, 11),
(23, 11),
(24, 12),
(24, 12),
(24, 12),
(25, 5),
(25, 5),
(25, 5),
(25, 17),
(25, 17),
(25, 17),
(26, 11),
(26, 11),
(26, 11),
(27, 11),
(27, 11),
(27, 11),
(28, 5),
(28, 5),
(28, 5),
(29, 11),
(29, 11),
(29, 11),
(30, 11),
(30, 11),
(30, 11),
(31, 11),
(31, 11),
(31, 11),
(32, 11),
(32, 11),
(32, 11),
(33, 9),
(33, 9),
(33, 9),
(34, 9),
(34, 9),
(34, 9),
(35, 13),
(35, 13),
(35, 13),
(36, 12),
(36, 12),
(36, 12),
(37, 3),
(37, 3),
(37, 3),
(38, 3),
(38, 3),
(38, 3),
(39, 3),
(39, 3),
(39, 3),
(40, 3),
(40, 3),
(40, 3),
(41, 3),
(41, 3),
(41, 3),
(42, 3),
(42, 3),
(42, 3),
(43, 3),
(43, 3),
(43, 3),
(44, 3),
(44, 3),
(44, 3),
(45, 3),
(45, 3),
(45, 3),
(46, 3),
(46, 3),
(46, 3),
(47, 3),
(47, 3),
(47, 3),
(48, 3),
(48, 3),
(48, 3),
(49, 3),
(49, 3),
(49, 3),
(50, 3),
(50, 3),
(50, 3),
(51, 11),
(51, 11),
(51, 11),
(52, 3),
(52, 3),
(52, 3),
(52, 4),
(52, 4),
(52, 4),
(53, 3),
(53, 3),
(53, 3),
(54, 11),
(54, 11),
(54, 11),
(55, 11),
(55, 11),
(55, 11),
(56, 3),
(56, 3),
(56, 3),
(57, 3),
(57, 3),
(57, 3),
(58, 3),
(58, 3),
(58, 3),
(59, 3),
(59, 3),
(59, 3),
(60, 12),
(60, 12),
(60, 12),
(61, 12),
(61, 12),
(61, 12),
(62, 12),
(62, 12),
(62, 12),
(63, 12),
(63, 12),
(63, 12),
(64, 12),
(64, 12),
(64, 12),
(65, 12),
(65, 12),
(65, 12),
(66, 12),
(66, 12),
(66, 12),
(67, 12),
(67, 12),
(67, 12),
(68, 12),
(68, 12),
(68, 12),
(69, 12),
(69, 12),
(69, 12),
(70, 12),
(70, 12),
(70, 12),
(71, 7),
(71, 7),
(71, 7),
(72, 7),
(72, 7),
(72, 7),
(73, 7),
(73, 7),
(73, 7),
(74, 7),
(74, 7),
(74, 7),
(75, 7),
(75, 7),
(75, 7),
(76, 7),
(76, 7),
(76, 7),
(77, 7),
(77, 7),
(77, 7),
(78, 7),
(78, 7),
(78, 7),
(79, 7),
(79, 7),
(79, 7),
(80, 7),
(80, 7),
(80, 7),
(81, 7),
(81, 7),
(81, 7),
(82, 7),
(82, 7),
(82, 7),
(83, 7),
(83, 7),
(83, 7),
(84, 7),
(84, 7),
(84, 7),
(85, 7),
(85, 7),
(85, 7),
(86, 7),
(86, 7),
(86, 7),
(87, 7),
(87, 7),
(87, 7),
(88, 7),
(88, 7),
(88, 7),
(89, 14),
(89, 14),
(89, 14),
(90, 14),
(90, 14),
(90, 14),
(91, 14),
(91, 14),
(91, 14),
(92, 14),
(92, 14),
(92, 14),
(93, 14),
(93, 14),
(93, 14),
(94, 14),
(94, 14),
(94, 14),
(95, 14),
(95, 14),
(95, 14),
(96, 14),
(96, 14),
(96, 14),
(97, 11),
(97, 11),
(97, 11),
(98, 2),
(98, 2),
(98, 2),
(98, 15),
(98, 15),
(98, 15),
(99, 2),
(99, 2),
(99, 2),
(100, 2),
(100, 2),
(100, 2),
(100, 15),
(100, 15),
(100, 15),
(101, 2),
(101, 2),
(101, 2),
(101, 15),
(101, 15),
(101, 15),
(102, 2),
(102, 2),
(102, 2),
(103, 15),
(103, 15),
(103, 15),
(104, 15),
(104, 15),
(104, 15),
(105, 11),
(105, 11),
(105, 11),
(106, 15),
(106, 15),
(106, 15),
(107, 1),
(107, 1),
(107, 1),
(108, 11),
(108, 11),
(108, 11),
(109, 1),
(109, 1),
(109, 1),
(110, 1),
(110, 1),
(110, 1),
(111, 1),
(111, 1),
(111, 1),
(112, 1),
(112, 1),
(112, 1),
(113, 1),
(113, 1),
(113, 1),
(114, 1),
(114, 1),
(114, 1),
(115, 1),
(115, 1),
(115, 1),
(116, 1),
(116, 1),
(116, 1),
(117, 1),
(117, 1),
(117, 1),
(118, 1),
(118, 1),
(118, 1),
(119, 1),
(119, 1),
(119, 1),
(120, 1),
(120, 1),
(120, 1),
(121, 1),
(121, 1),
(121, 1),
(122, 1),
(122, 1),
(122, 1),
(123, 8),
(123, 8),
(123, 8),
(124, 8),
(124, 8),
(124, 8),
(125, 8),
(125, 8),
(125, 8),
(126, 13),
(126, 13),
(126, 13),
(127, 8),
(127, 8),
(127, 8),
(128, 8),
(128, 8),
(128, 8),
(129, 8),
(129, 8),
(129, 8),
(130, 8),
(130, 8),
(130, 8),
(131, 8),
(131, 8),
(131, 8),
(132, 8),
(132, 8),
(132, 8),
(133, 8),
(133, 8),
(133, 8),
(134, 8),
(134, 8),
(134, 8),
(135, 8),
(135, 8),
(135, 8),
(136, 8),
(136, 8),
(136, 8),
(137, 8),
(137, 8),
(137, 8),
(138, 8),
(138, 8),
(138, 8),
(139, 8),
(139, 8),
(139, 8),
(140, 8),
(140, 8),
(140, 8),
(141, 8),
(141, 8),
(141, 8),
(142, 8),
(142, 8),
(142, 8),
(143, 8),
(143, 8),
(143, 8),
(144, 8),
(144, 8),
(144, 8),
(145, 8),
(145, 8),
(145, 8),
(146, 8),
(146, 8),
(146, 8),
(147, 13),
(147, 13),
(147, 13),
(148, 13),
(148, 13),
(148, 13),
(149, 13),
(149, 13),
(149, 13),
(150, 13),
(150, 13),
(150, 13),
(151, 13),
(151, 13),
(151, 13),
(152, 13),
(152, 13),
(152, 13),
(153, 13),
(153, 13),
(153, 13),
(154, 13),
(154, 13),
(154, 13),
(155, 13),
(155, 13),
(155, 13),
(156, 13),
(156, 13),
(156, 13),
(157, 6),
(157, 6),
(157, 6),
(158, 6),
(158, 6),
(158, 6),
(159, 6),
(159, 6),
(159, 6),
(160, 6),
(160, 6),
(160, 6),
(161, 6),
(161, 6),
(161, 6),
(162, 6),
(162, 6),
(162, 6),
(163, 6),
(163, 6),
(163, 6),
(164, 6),
(164, 6),
(164, 6),
(165, 6),
(165, 6),
(165, 6),
(166, 16),
(166, 16),
(166, 16),
(167, 16),
(167, 16),
(167, 16),
(168, 16),
(168, 16),
(168, 16),
(169, 16),
(169, 16),
(169, 16),
(170, 16),
(170, 16),
(170, 16),
(171, 16),
(171, 16),
(171, 16),
(172, 16),
(172, 16),
(172, 16),
(173, 16),
(173, 16),
(173, 16),
(174, 16),
(174, 16),
(174, 16),
(175, 5),
(175, 5),
(175, 5),
(175, 16),
(175, 16),
(175, 16),
(176, 10),
(176, 10),
(176, 10),
(177, 10),
(177, 10),
(177, 10),
(178, 10),
(178, 10),
(178, 10),
(179, 10),
(179, 10),
(179, 10),
(180, 10),
(180, 10),
(180, 10);

-- --------------------------------------------------------

--
-- Структура таблицы `categories`
--

CREATE TABLE `categories` (
  `id` int(8) NOT NULL,
  `category_name` varchar(50) NOT NULL
) ENGINE=InnoDB DEFAULT CHARSET=utf8;

--
-- Дамп данных таблицы `categories`
--

INSERT INTO `categories` (`id`, `category_name`) VALUES
(1, 'Linux'),
(2, 'Swift'),
(3, 'C++'),
(4, 'C'),
(5, 'Java'),
(6, 'PHP'),
(7, 'Python'),
(8, 'Go'),
(9, 'Scala'),
(10, 'Haskell'),
(11, 'Other'),
(12, 'SQL'),
(13, 'JavaScript'),
(14, 'C#'),
(15, 'iOS'),
(16, 'Ruby'),
(17, 'Groovy');

-- --------------------------------------------------------

--
-- Структура таблицы `publishing`
--

CREATE TABLE `publishing` (
  `publish_id` int(11) NOT NULL,
  `publish` varchar(30) DEFAULT NULL,
  `city` varchar(20) DEFAULT NULL
) ENGINE=InnoDB DEFAULT CHARSET=utf8;

--
-- Дамп данных таблицы `publishing`
--

INSERT INTO `publishing` (`publish_id`, `publish`, `city`) VALUES
(1, 'Belarus Publishing', 'Minsk'),
(2, 'Old Lion', 'Lviv'),
(3, 'DMK PRESS', 'Moscow'),
(4, 'Sky Horse', 'Kiev'),
(5, 'UMH Publishing', 'Kiev'),
(6, 'Summit-book', 'Kiev'),
(7, 'PublishUa', 'Kiev'),
(8, 'Inter star', 'Odessa'),
(9, 'Q company', 'Lviv'),
(10, 'Aiva Plus', 'Lviv'),
(11, 'Germes', 'Odessa'),
(12, 'Prima', 'Kiev'),
(13, 'Panorama', 'Odessa'),
(14, 'Compas', 'Lviv'),
(15, 'AlterPress', 'Dnipro'),
(16, 'Dnipro', 'Kiev');

-- --------------------------------------------------------

--
-- Структура таблицы `user`
--

CREATE TABLE `user` (
  `id` int(8) UNSIGNED NOT NULL,
  `login` varchar(255) NOT NULL,
  `password` varchar(255) NOT NULL,
  `email` varchar(255) NOT NULL,
  `name` varchar(255) NOT NULL,
  `address` varchar(255) NOT NULL,
  `role` enum('user','admin') NOT NULL DEFAULT 'user'
) ENGINE=InnoDB DEFAULT CHARSET=utf8;

-- --------------------------------------------------------

--
-- Структура таблицы `users_orders`
--

CREATE TABLE `users_orders` (
  `id` int(8) UNSIGNED NOT NULL,
  `user_id` int(8) UNSIGNED NOT NULL,
  `order_id` int(8) UNSIGNED NOT NULL,
  `amount` float NOT NULL COMMENT 'amount=price*quantity',
  `date` timestamp NOT NULL DEFAULT CURRENT_TIMESTAMP,
  `status` enum('0','1') NOT NULL DEFAULT '1'
) ENGINE=InnoDB DEFAULT CHARSET=utf8;

--
-- Индексы сохранённых таблиц
--

--
-- Индексы таблицы `authors`
--
ALTER TABLE `authors`
  ADD PRIMARY KEY (`author_id`);

--
-- Индексы таблицы `books`
--
ALTER TABLE `books`
  ADD PRIMARY KEY (`book_id`),
  ADD KEY `publish_id` (`publish_id`);

--
-- Индексы таблицы `books_authors`
--
ALTER TABLE `books_authors`
  ADD KEY `authors` (`author_id`),
  ADD KEY `books` (`book_id`);

--
-- Индексы таблицы `books_orders`
--
ALTER TABLE `books_orders`
  ADD PRIMARY KEY (`order_id`),
  ADD KEY `book_id` (`book_id`);

--
-- Индексы таблицы `book_category`
--
ALTER TABLE `book_category`
  ADD KEY `book_id_2` (`book_id`,`category_id`),
  ADD KEY `category_id` (`category_id`);

--
-- Индексы таблицы `categories`
--
ALTER TABLE `categories`
  ADD PRIMARY KEY (`id`);

--
-- Индексы таблицы `publishing`
--
ALTER TABLE `publishing`
  ADD PRIMARY KEY (`publish_id`);

--
-- Индексы таблицы `user`
--
ALTER TABLE `user`
  ADD PRIMARY KEY (`id`),
  ADD UNIQUE KEY `login` (`login`),
  ADD UNIQUE KEY `email` (`email`);

--
-- Индексы таблицы `users_orders`
--
ALTER TABLE `users_orders`
  ADD PRIMARY KEY (`id`),
  ADD KEY `users_orders_ibfk_1` (`order_id`),
  ADD KEY `users_orders_ibfk_2` (`user_id`);

--
-- AUTO_INCREMENT для сохранённых таблиц
--

--
-- AUTO_INCREMENT для таблицы `authors`
--
ALTER TABLE `authors`
  MODIFY `author_id` int(8) NOT NULL AUTO_INCREMENT, AUTO_INCREMENT=90;

--
-- AUTO_INCREMENT для таблицы `categories`
--
ALTER TABLE `categories`
  MODIFY `id` int(8) NOT NULL AUTO_INCREMENT, AUTO_INCREMENT=18;

--
-- AUTO_INCREMENT для таблицы `publishing`
--
ALTER TABLE `publishing`
  MODIFY `publish_id` int(11) NOT NULL AUTO_INCREMENT, AUTO_INCREMENT=17;

--
-- AUTO_INCREMENT для таблицы `user`
--
ALTER TABLE `user`
  MODIFY `id` int(8) UNSIGNED NOT NULL AUTO_INCREMENT;

--
-- AUTO_INCREMENT для таблицы `users_orders`
--
ALTER TABLE `users_orders`
  MODIFY `id` int(8) UNSIGNED NOT NULL AUTO_INCREMENT;

--
-- Ограничения внешнего ключа сохраненных таблиц
--

--
-- Ограничения внешнего ключа таблицы `books`
--
ALTER TABLE `books`
  ADD CONSTRAINT `books_ibfk_1` FOREIGN KEY (`publish_id`) REFERENCES `publishing` (`publish_id`);

--
-- Ограничения внешнего ключа таблицы `books_authors`
--
ALTER TABLE `books_authors`
  ADD CONSTRAINT `books_authors_ibfk_1` FOREIGN KEY (`book_id`) REFERENCES `books` (`book_id`),
  ADD CONSTRAINT `books_authors_ibfk_2` FOREIGN KEY (`author_id`) REFERENCES `authors` (`author_id`);

--
-- Ограничения внешнего ключа таблицы `books_orders`
--
ALTER TABLE `books_orders`
  ADD CONSTRAINT `books_orders_ibfk_1` FOREIGN KEY (`book_id`) REFERENCES `books` (`book_id`);

--
-- Ограничения внешнего ключа таблицы `book_category`
--
ALTER TABLE `book_category`
  ADD CONSTRAINT `book_category_ibfk_2` FOREIGN KEY (`category_id`) REFERENCES `categories` (`id`),
  ADD CONSTRAINT `book_category_ibfk_3` FOREIGN KEY (`book_id`) REFERENCES `books` (`book_id`);

--
-- Ограничения внешнего ключа таблицы `users_orders`
--
ALTER TABLE `users_orders`
  ADD CONSTRAINT `users_orders_ibfk_1` FOREIGN KEY (`user_id`) REFERENCES `user` (`id`),
  ADD CONSTRAINT `users_orders_ibfk_2` FOREIGN KEY (`order_id`) REFERENCES `books_orders` (`order_id`);
COMMIT;

/*!40101 SET CHARACTER_SET_CLIENT=@OLD_CHARACTER_SET_CLIENT */;
/*!40101 SET CHARACTER_SET_RESULTS=@OLD_CHARACTER_SET_RESULTS */;
/*!40101 SET COLLATION_CONNECTION=@OLD_COLLATION_CONNECTION */;
